,title,category
0,AI 판 흔드는 ‘터보퀀트’… 한국 반도체 득될까 실될까,IT
1,"메가존클라우드, 日 아비타와 피지컬 AI 비즈니스 모델 공동개발 협력",IT
2,"KT클라우드, 자체 플랫폼 CSAP 인증 획득…공공시장 공략 본격화",IT
3,"韓 은퇴 과학자, ‘중국행’ 막는다…5년간 2억5천 연구비 지원",IT
4,"김종철 방미통위원장 ""청소년 SNS 문제, 계정삭제 규제만으로 해결 못해""",IT
5,"컴투스 신작 도원암귀·가치아쿠타, 日 게임 팬 사로잡았다",IT
6,"LG유플러스, 유심 업데이트·무상 교체 안내 본격화",IT
7,"더존비즈온, 이강수·지용구 공동대표 체제로…새 경영체제 출범",IT
8,"선임 다음날 ""나가라""… KT스카이라이프, 초유의 리더십 잔혹사",IT
9,"월드컵도 지상파에서 못보나…방미통위 ""시청권은 공적 책임""(종합)",IT
10,"[AI픽] 터보퀀트 충격…KAIST 교수 ""SW가 AI 판 바꿨다""",IT
11,"마이크론, GDDR도 쌓는다…AI 메모리 수요 다변화 대응",IT
12,"[유미's 픽] ""GPU만 사오면 끝?""…정부, 1.5만장 구축 사업서 '설계 능력' 보는 까닭",IT
13,"역재생 속 ""흥미로운 발표""...알고 보니 '백악관 앱 홍보' [앵커리포트]",IT
14,"김종철 방미통위원장 ""청소년 SNS 문제, 계정삭제 규제만으로 해결 못해""",IT
15,"韓 은퇴 과학자, ‘중국행’ 막는다…5년간 2억5천 연구비 지원",IT
16,넥슨은 왜 블리자드와 손잡았나…'오버워치'로 외연 넓힌다,IT
17,"‘제자리걸음’ 북중미 월드컵 중계권 논란, 핵심은 ‘디지털재판매’",IT
18,"'터보퀀트' 참여한 카이스트 교수 ""터보퀀트와 메모리는 함께 가는 기술""",IT
19,플랫폼 판 흔드는 크리에이터…‘확보전’ 치열,IT
20,"국방부, 국방 AX 닻 올린다…'AI 데이터센터' 구축 사업 첫발",IT
21,"리벨리온, 차세대 AI칩 '리벨 100'으로 명칭 변경...왜?",IT
22,한미반도체 TC본더 수출 V자 회복…대만행 물량 주목,IT
23,"[김영욱의 게임 후벼파기] 소규모·기술주의자 패트릭 쇠더룬드, 그가 가져올 넥슨의 변화는",IT
24,"K 통신, 경쟁 42년...AI인프라 기반 다졌다",IT
25,"2009년 금융위기보다 200원 높은 원·달러 환율…""펀더멘털 변화도 영향""",IT
26,"美압박에 '입법 난관' 온플법… ""차라리 '1% 디지털세' 걷자""",IT
27,"""샤오미, 폴더블폰 다시 꺼낸다""…갤Z폴드8과 경쟁하나",IT
28,[단독] 나무위키 본사 가보니 '텅 빈 가정집'…유령회사 논란,IT
29,[코스닥 액티브픽] 메자닌 한도 5배 확대…공격투자 기반 마련 I 비나텍②,IT
30,네이버·라인야후 6년의 동맹 ‘마침표’ 찍은 이유,IT
31,"한미반도체 곽동신 회장, 30억원 자사주 추가 매입",IT
32,주객이 전도되는 AI와 인간,IT
33,"""메모리 시장 '터보퀀트 쇼크', AI 시대 소프트웨어 중요성 보인 사례""",IT
34,"유방암 환자, 임신으로 약 끊어도 안심…""재발·사망 위험 차이 없어""",IT
35,"""신장이식 먼저 했더니 재생불량성 빈혈과 말기 신부전 모두 개선""",IT
36,"포스코스틸리온, 액면분할…천시열 대표 장내 매수",IT
37,"일라이릴리, AI 신약 개발 업체 인실리코에 4조원 투자",IT
38,북중미 월드컵 코앞인데…지상파·JTBC 중계권 협상 ‘제자리’,IT
39,LGU+ '유심 교체' 한다는데…매장 꼭 가야 하나요? [Q&A],IT
40,“쌓아두기만 했던 의료데이터”…AI로 ‘바로 쓰는 시대’ 열린다,IT
41,"UNIST, 특정 단어에 돌변하는 AI 해결법으로 세계 대회 2위",IT
42,흔들리는 ‘챗GPT’ 독주… 점유율 20%p 급락·140억달러 적자 경고,IT
43,"美·이란전은 드론전쟁…""저가 드론, 전투 방식 바꾼다""",IT
44,"삼성D·LGD, 애플 아이맥 OLED 대응체제 돌입",IT
45,가트너 “2030년 LLM 추론 비용 90% 하락…기업 부담은 지속”,IT
46,"""알에서 에어리언 나오는 것 같다""… 美 최고령 우주비행사가 깜짝 공개한 물체",IT
47,"머스크에 불만 컸나…xAI 세운 공동창업자 11명, 모두 그만뒀다",IT
48,"작년 국토 면적, 여의도 4.3개 만큼 늘었다…‘2026년 지적 통계’",IT
49,"'포스코퓨처엠 합작' 씨앤피신소재, 착공 임박…美 PFE 뚫을까 [배터리레이다]",IT
50,24년간 ‘만년 3등’ LG유플러스 기세에... 통신 3사 지각변동 이뤄질까,IT
51,"해킹 사고 숨기면 처벌…김장겸, ‘침해사고 축소·은폐 방지법’ 발의",IT
52,"“PCR 없이도” 20분 진단 끝…GIST, 범용 유전자 검출 기술 개발",IT
53,"""700병상 AI병원 동탄에""…고대의료원, 2035년 개원 목표",IT
54,"박윤영號 KT, 기존 조직장 대거 물갈이",IT
55,"딥엑스, 양산 7개월 만에 8개국서 27건 수주",IT
56,"LS전선, AI 전력망 수요 확대에 지난해 역대 최대 실적",IT
57,"""뭐 어때"" 뻔뻔한 사이버 폭력...어른들이 더 '죄책감' 없었다",IT
58,정부 6G 상용화 시동…통신 3사 AX '사활',IT
59,"CJ ENM, 왓챠까지 품나… 티빙·웨이브 합병 이어 인수 타진",IT
60,"김석환 넷마블엔투 PD ""스톤에이지 키우기 흥행 비결, 익숙함-새로움 조화""",IT
61,"컴투스, 日 ‘A랭크 파티를 이탈한 나는, 전 제자들과 미궁 심부를 목표로 한다’ 게임화",IT
62,"고려대의료원, 동탄에 4번째 고대병원 짓는다…2035년 개원",IT
63,삼성전자 “업계 최고 보상 제안에도 노사 협상 중단”… 노조 협상안 거부 ‘논란’,IT
64,"레인보우로보틱스, 대표 재선임 통과…삼성 체제 속 경영 연속성 유지",IT
65,중동 전쟁 한 달…'중동판 CES' 연기에 보안 전시회 개최도 불투명,IT
66,"로킷헬스케어, 韓·日 이어 미국 특허 등록 결정",IT
67,"LG유플러스, 전 고객 대상 유심 업데이트·무상교체 문자 안내 시작",IT
68,"""해킹 나도 원인 못 밝히는 일 막아야"" 조인철, ‘로그기록 의무화’ 법안 발의",IT
69,"AI 폭주시대, 인간은 어떻게 중심을 잡아야 할까",IT
70,"""IMSI 보안 강화""…LGU+, 내달 8일부터 유심교체 예약 시작",IT
71,"中 시야테크 상장으로 8.5조원 시총 확보…K장비 업계, 올레도스 수혜 기대감",IT
72,소비자연맹 “KT 위약금 면제 부실 안내…신청 못한 사례 많아”,IT
73,"박윤영號 KT, 미디어부문을 본부급으로…조직개편 윤곽",IT
74,올해 벚꽃 열흘 빨리 핀다...벚꽃 조기 개화 영향은,IT
75,"국내 클라우드 매출 9조원 돌파…""AI 시대 핵심 인프라""",IT
76,업계 전체가 등 돌려도 퀄컴은 포기 안했다...CDMA가 세계 표준이 된 사연,IT
77,돼지 정액이 난치성 암 치료에 특효? [달콤한 사이언스],IT
78,"LG유플러스, 유심 업데이트·무상 교체 안내 본격화",IT
79,"""이영호 돌아오고 이제동 나선다""…SOOP, 'ASL 시즌21' 2주차 개막",IT
80,"KT알파, 20년 만의 배당에도 주총서 '불통' 논란… ""주주의견 귀 기울이겠다""",IT
81,토탈영업 해체·올드보이 귀환…'박윤영號 KT' 인사 향방은,IT
82,원인불명 소아 신경발달장애 실마리 풀렸다…유전자 변이 확인,IT
83,"LG이노텍 카메라 모듈 단 자율주행 시험차량, 미국·유럽·일본 도로 달린다",IT
84,프로게이머 '부친 명의 주식거래' 세금 분쟁…과세 정당 판단,IT
85,[취재수첩] 구글 '터보퀀트' 쇼크?…K반도체 '격' 높일 기회다,IT
86,딱 3일 남았다…아르테미스 2호 발사 관건은 ‘바람 세기’,IT
87,“디지털자산기본법 상반기도 어렵다”…논의 삽조차 못 뜨는 국내 [크립토브리핑],IT
88,"화웨이, 애플 견제 속도낸다…""가로형 폴더블폰 준비""",IT
89,분자 길이 바꾸자 빛의 길도 달라졌다…차세대 태양전지 단서 찾았다[과학을읽다],IT
90,규모 커지는 미국 국방 '피지컬 AI' 시장…한국 제조 역량이 진출 열쇠,IT
91,"""메타, 시력교정 스마트 안경 곧 출시…AI 안경 대중화 속도""",IT
92,"'IMSI 결함' LG유플러스, 무상 교체 안내 시작…내달 8일부터 사전예약",IT
93,"국내 연구진, 원인불명 소아 신경발달장애 규명 실마리 풀어",IT
94,"곽동신 한미반도체 회장, 30억원 규모 자사주 추가 취득",IT
95,"코카콜라·월마트 CEO 잇따라 사임…""AI 시대, 새로운 혁신 이끌 리더십 필요""",IT
96,"AI가 만든 코드, AI가 검사한다…SW 테스팅, ‘지능형 QA’로 전환",IT
97,"정신건강의사들 ""운전금지 약물 지정 우려…치료중단이 더 위험""",IT
98,은퇴 석학 40명 선발해 최대 5년간 연구비 지원,IT
99,AI 수요 타고 클라우드 9조원 돌파…SaaS·CMS 동반 질주,IT
100,“은퇴 석학 다시 연구실로”…연 2.5억·최대 5년 지원,IT
101,"한국 클라우드 시장, 10조원 돌파할까…""지난해 사상 최대""",IT
102,[미래 여는 AI·ICT R&D 우수성과]〈3〉ETRI 6G 기술력 세계에 뽐내...정부·IITP 지원으로 한국 위상 높여,IT
103,"정년 앞둔 석학, 중국행 막는다…40명에 연간 2.5억·5년 지원",IT
104,[AI픽] 국내 클라우드 매출 9조원 돌파…AI가 키웠다,IT
105,"""정년이 연구의 끝은 아니다""…정부, 석학 20명에 5년간 최대 12.5억 지원",IT
106,"정부, 60대 석학급 연구자 40명 연 2.5억 연구비 지원…최대 5년",IT
107,"곽동신 한미반도체 회장, 30억원 규모 자사주 추가 취득",IT
108,"'EQT' 더존비즈온, 공동대표 체제로 새 출발…상장폐지도 초읽기",IT
109,"AI 배우 쓰려면 인간만큼 비용 내라…할리우드 노조, '틸리세' 부과 추진",IT
110,'산부인과 의사'인데…'산부인과' 간판 뗀 의원 10곳 중 4곳,IT
111,"넷마블, 콘솔시장 '정조준'…글로벌 영토 넓힌다",IT
112,전문직·IT 업종 20·30세대 때린 AI…일자리 대체 우려 확산,IT
113,"KT, 구조조정 인원 2300명 복귀 시킨다",IT
114,"보조금 경쟁 42년 '끝'…통신3사, AI로 ‘각자의 길’ 간다",IT
115,IT·전문직 ‘2030’ 취업자 13만명 감소,IT
116,"스포티파이·넷플, 'K-수혈'로 이용자 수 급증",IT
117,"앱클론-종근당, 이중항체 기반 난치성 고형암 치료제 공동개발 착수",IT
118,"“신규 이용자 월광 10명 확정!” 에픽세븐, 4월 업데이트로 확 달라진다",IT
119,“종이맛이라도 용서가 되네”…이틀 먹었더니 ‘나쁜 콜레스트롤’ 실종,IT
120,[검색폭발 이슈키워드] 터보퀀트,IT
121,"워너브라더스, 내달 23일 파라마운트 합병 주주 투표",IT
122,"세계 수학자 1700명, 실명 걸고 “미국서 열리는 필즈상 거부”",IT
123,"""지아이텍, ESS 타고 실적 반등…연 매출 430억 전망""",IT
124,유튜브 쇼핑 문턱 낮아진다…가입 요건 '구독자 500명' 완화,IT
125,"환자 80%가 ""증상? 없었어요""…65세 이상은 매년 결핵 검진해야",IT
126,"""월회비 2900원으로 최대 7만원 적립""…지마켓, '꼭' 멤버십 공개",IT
127,"GIST, 20분 만에 암·감염병 잡는 유전자 진단 기술 개발…PCR급 정확도[과학을읽다]",IT
128,“값비싼 귀금속대신 니켈” 원하는 효능 합성…부작용 없는 신약개발 청신호,IT
129,"HLB, 담관암 신약 美 FDA 우선심사 지정…""9월 내 승인 결정""",IT
130,"[IT카페]""SKT와 달라야 하는데…"" 유심 교체 앞 분주한 LG유플러스",IT
131,“2030년까지 LLM 추론비용 90%↓...기업 비용부담은 지속”,IT
132,"붉은사막, 스토리 대신 탐험으로 증명한 ‘주객전도의 묘미’[해봤어요]",IT
133,"김한근 강릉시장 예비후보 ""AI데이터센터 사업은 제2 대왕고래""",IT
134,"청소년 10명 중 4명 사이버폭력 경험… ""모르는 사람이 더 무섭다""",IT
135,"""여기는 달로 가는 우주선입니다"" [지금은 우주]",IT
136,"""유인 달 탐사 준비완료""…아르테미스 2호, 4월 1일 발사 [우주로 간다]",IT
137,"박윤영號, 7광역본부 해체·물갈이…'김영섭 지우기' 본격화",IT
138,뽑아도 또 자라는 불법웹툰…보안기술·공식번역 '속도전',IT
139,"[리뷰] 니콘 대표 표준 줌 렌즈, '더 편한 렌즈'로 재탄생",IT
140,"""나도 모르게 붉며 들었다""…'붉은사막'에 27만 명 동시에 몰렸다",IT
141,"한국인, 연간 보름꼴로 미세먼지·오존 등 4중 대기오염에 동시 노출",IT
142,"AI 토큰값 90% 폭락해도 기업 부담 커진다는데, 왜?",IT
143,구독자 500명 유튜버도 돈번다…유튜브 쇼핑 제휴 요건 완화,IT
144,"한국인, 연 15일 ‘복합 대기오염’ 노출… 4개 물질 동시 초과",IT
145,온라인에 밀린 퇴물이라더니…‘10대 틱톡’ 덕에 부활한 미국 쇼핑몰,IT
146,"엠아이큐브솔루션, 中 위에다 그룹과 스마트팩토리 현지화",IT
147,안철수 비판에 이사진 매입까지…한화솔루션 유증 후폭풍,IT
148,"'MSP 강자' 메가존클라우드, 日 아바타 선도기업 손잡고 '피지컬 AI' 본격 공략",IT
149,"LG이노텍, 자율주행 SW 업체 '어플라이드 인튜이션'과 협력",IT
150,35년간 7000대 팔았다…현대차 '판매신화' 쓴 영업왕 주인공은?,IT
151,삼성전자 '인피니트 AI 와인 냉장고' 출시…'AI 와인 매니저' 첫 탑재,IT
152,"파두, 中 CFMS 참가…Gen6 SSD 컨트롤러 하반기 납품",IT
153,"xAI, 창업 3년 만에 공동창업자 전원 이탈…일론 머스크 '전면 재편' 승부수",IT
154,KAIST 교수협 추천 총장 후보 3인에 류석영·배충식·조용훈,IT
155,"LG이노텍, 어플라이드 인튜이션과 자율주행 소프트웨어 협력",IT
156,"LG화학, 반도체·전장 소재 매출 키운다…2030년 2조원 달성 목표",IT
157,"델, 기업용 ‘델 프로’ PC·모니터·주변기기 신제품 10종 공개",IT
158,"[전문가기고] 데이터 보안과 업무 혁신 사이 딜레마, 합성데이터로 정면 돌파",IT
159,"에스원 ""무인매장 절도 민원 2배↑…AI CCTV 대안으로""",IT
160,"감염병, 20분이면 PCR 수준 진단…""임상 가능성도 입증""",IT
161,"29일 서울 벚꽃 개화…지난해보다 6일, 평년보다 10일 빨라",IT
162,"LS전선, 수주잔고 7.6조원…업황 호조에 실적도 신기록",IT
163,“우리도 식이섬유가 필요해” 기생충도 식이섬유 좋아한다? [핵잼 사이언스],IT
164,"네이버시리즈 '최강신작', 장기 흥행 견인…신작 다운로드 5배 '쑥'",IT
165,중동전쟁·AI발 '칩쇼크'에 소니 PS5 가격 또 올린다…기본형 100만원 육박,IT
166,삼성전자 ‘특별 보상’ 제시… 노조 “파업 참여 안하면 불이익”,IT
167,"""K-문샷 신약 개발 AI도 연산 한계…양자기술이 돌파구""",IT
168,"AI 에이전트, 아첨하고 확증편향 키우고 통제 벗어나",IT
169,"키움운용, '미국 대형 성장주' 담은 ETF 31일 상장",IT
170,가트너 “AI 토큰 단가 하락에도 기업 AI 비용 부담 지속”,IT
171,[인터뷰] 베트남-한국 AI 시너지: FPT가 이끄는 'AI-퍼스트' 미래 전략,IT
172,네이버시리즈 ‘최강신작’ 장기 흥행 견인…프로모션 끝나도 독자 남아,IT
173,[CIO 보안 투자 노트]기업 '데이터 관리' 낙제점…파수의 처방은,IT
174,명상은 ‘비우는 휴식’ 아닌 뇌를 ‘최적의 지점’ 데려가,IT
175,"삼성전자, 인피니트 AI 와인 냉장고 신제품 출시",IT
176,"OCI, 말레이 자회사 1900억원 투자 유치…반도체 소재 설비 투입",IT
177,"삼성전자서비스, 4월 1일부터 전국 169개 센터 '예약 서비스' 확대",IT
178,'충주맨 김선태' 대박 행진…BBQ 회장도 나서더니 '돌풍',IT
179,AI발 청년 일자리 위기 현실화…IT·전문직 ‘2030’ 취업자 13만명 감소,IT
180,"아이폰18 프로, '언더 디스플레이 페이스 ID' 탑재설 재점화",IT
181,"넥슨, 블리자드 '오버워치' 품었다…연내 韓 특화 서비스 시작",IT
182,"""삼성·인텔 따돌린다""… TSMC, 1.4나노 'A14' 공정 로드맵 공식화",IT
183,54년만에 다시 달 향하는 인류… 생명유지·우주통신 ‘안전한 왕복’ 검증[Science],IT
184,에어리언 알 부화?…‘보라색 촉수 괴물체’의 반전 정체,IT
185,"위생백·지퍼백 반값…롯데마트, ‘메가통큰’ 2주차 돌입",IT
186,"""수율 논란 끝"" 엔비디아, '블랙웰 울트라' 양산 가속… 전력 효율 30% 개선",IT
187,삼성전자 '갤럭시 링2' 개발 착수… '비침습 혈당 측정' 탑재,IT
188,20년간 한국서 나눔 베푼 중국인 김용길 씨…뇌사 후 4명 살리고 하늘로,IT
189,"CCTV만 믿다간 '낭패'…무인점포 털이범, AI가 실시간으로 잡는다",IT
190,"""폴더블에도 티타늄 바람""… 갤럭시Z 폴드8, '와이드' 전용 컬러 입는다",IT
191,“AI의 창의성은 환상”... 이미지 창작 대결서 일반인에게밀렸다,IT
192,"삼성바이오로직스 노조 95.52%, 파업 ‘찬성’",IT
193,"세브란스병원, “LDL 콜레스테롤 목표치 낮추니, 심혈관 사건 30% 감소”",IT
194,AI 토큰값 90% 떨어져도 기업 부담은 더 커진다,IT
195,'맞느냐'보다 '풀 수 있나' 먼저 묻는 애피어 '에이전틱 AI' 전략,IT
196,[코스닥 액티브픽] AI 전력 수요 수혜…턴어라운드 본격화 I 비나텍①,IT
197,"[인터뷰] 김석환 넷마블엔투 PD ""'스톤에이지 키우기', 숨은 '꿀펫' 찾는 재미 살렸다""",IT
198,"1년 중 15일, WHO 권고 기준 초과…“한국인 대기오염 ‘4중고’ 동시 노출”",IT
199,"삼성전자서비스, ‘휴대전화 예약 서비스’ 전국 서비스센터 확대",IT
200,"2030년 LLM 추론 비용 90% 감소…""그래도 AI 총비용은 오른다""",IT
201,"유니클로, 오타니 효과 노린다…LA다저스 손잡고 미국 공략",IT
202,"셀트리온, ‘정부 에너지 절약’ 동참…차량 10부제·전력 절감",IT
203,"LG이노텍, 美 자율주행 SW 기업과 협력… ‘피지컬 AI’ 공략 속도",IT
204,"LG화학 김동춘, 체질 개선 선포…""전자소재 매출 2조 목표""",IT
205,"골드만삭스 ""비트코인 바닥 도달... 3개월 뒤 진짜 상승장""",IT
206,"KAIST, 서로 다른 두 촉매 결합…화학 합성의 오랜 난제 해결",IT
207,"“LDL 콜레스테롤 55mgdL 미만 목표 치료, 심혈관 사건 감소 입증”",IT
208,"""챗GPT 기록, 제미나이서 그대로 본다""…구글, 외부 챗봇 정보 연동",IT
209,"아이지에이웍스, 인적분할로 광고대행 사업 분리…""AI 데이터 기업 전환""",IT
210,"[영상] ""날 따라 해봐""…사람 동작 따라 하는 中 휴머노이드 로봇",IT
211,"'갤럭시 쓰는 남친 싫다’던 유튜버, 삼성폰으로 셀카…“비하 아닌 취향” 사과",IT
212,[미장브리핑] 美 3월 고용지표·4월 韓 채권 WBGI 편입 시작,IT
213,"비트코인 '롱포지션' 3년 만에 최고치…""위험 신호""",IT
214,"GIST, 다양한 질환 20분내 진단하는 범용 유전자 검출 기술 개발",IT
215,루닛·뷰노 등 K-의료AI기업 차별화 전략은[빅테크 의료AI 잠식위기 下],IT
216,"햇빛·공기만으로 ‘의약품’ 만든다…KAIST, 화학합성 난제 해결",IT
217,0.001초를 위한 또 다른 레이스…속도 올림픽 'F1' 뒤에서 벌어지는 IT 기술 전쟁,IT
218,"폴더블 아이폰이 온다…""아이폰 역사상 가장 큰 변화""",IT
219,"파두, 중국·아시아 공략 속도…CFMS 2026서 AI 데이터센터용 SSD 전면에",IT
220,숨겨진 RNA 수혜주?…에이프릴바이오·삼양바이오팜·파미셀 '주목',IT
221,"""동물약부터 태양광까지""…신약 연구 실탄 마련 위해 신사업 나서는 제약사",IT
222,"AI 신약 개발 성과 가시화…인실리코 메디신, 일라이 릴리와 4조원 계약",IT
223,인공지능 로봇들의 ‘무인 공장’…K-팩토리 ‘카이로스’,IT
224,"KT스카이라이프, 가입자 줄었는데 망 사용료는 '껑충'",IT
225,[주간 클라우드 동향/3월⑤] AI 시대 손 맞잡는 클라우드 업계…국내외 협업 잇따라,IT
226,"취임 앞둔 ‘KT맨’ 박윤영, ‘임원 물갈이’로 인적 쇄신 예고",IT
227,"""AI시대 발맞춰 주4.5일제""…노조로 뭉친 '판교맨' 달라졌다 [김대영의 노무스쿨]",IT
228,"[1분건강] 밤마다 심해지는 ‘마른기침’, 호흡기 건강의 위험신호",IT
229,"넷마블, ‘콘솔’ 시장 진격…글로벌 출시 속도",IT
230,한물 간 줄 알았더니…'감성 미쳤다' 인기 폭발한 '핫템' 정체,IT
231,"카카오모빌리티, 분당서울대병원에 '택시 대신 불러주기' 지원",IT
232,"""검색 왕좌 지켰다"" 네이버 AI 브리핑 검색 점유율 64%",IT
233,ETRI 인센티브 갈등 장기화…연구·행정 간 격차 쟁점,IT
234,“남은 건 머스크뿐” xAI 창립 멤버 3년 만에 모두 짐 쌌다,IT
235,트럼프 AI 정책 지지 '1억 불' 단체 등장… 美 중간선거 판도 흔든다,IT
236,[AI돋보기] 인간 상담원은 어디로…AI 콜센터 혁신일까,IT
237,"""새술은 새부대에""…KT 키 잡는 박윤영, 임원 물갈이 초읽기",IT
238,‘찬물이 더 가벼운 이유’ 韓 연구진이 밝혔다,IT
239,금리 급등에 회사채 발행 24% 급감…기업 자금조달 ‘빨간불’,IT
240,‘AI 통행세’ 짭짤한 애플… 구조조정·기술력 올인하는 오픈AI,IT
241,메모리 넘어 비메모리까지… 반도체 가격 전방위로 오른다,IT
242,전쟁이 키운 방산 스타트업…AI·드론 투자 급증,IT
243,[PLAY IT] 아트뮤 Qi2.2 무선 보조배터리 'QB610'…안전 무선충전 25W 대중화,IT
244,6년 후 한국도 달 밟는다…2032년 착륙·2040년 기지 구축 목표,IT
245,'돈 되는 AI' 올인하는 네카오…'나만의 비서' 에이전트에 총력,IT
246,LCK 다음달 막 올린다...10팀 중 9팀이 꼽은 최강후보는 [1일IT템],IT
247,“애플의 시간은 거꾸로 간다”…10년 전보다 싸진 보급형 기기들,IT
248,체온으로 전기 만드는 '내 몸 배터리' 시대… 두께는 300배 늘리고 공정은 10초로 줄였다 [언박싱 연구실],IT
249,구글 ‘터보퀀트’ 반도체 저승사자냐 시장 키울 촉진제냐,IT
250,"마음이 약해질때, AI가 건넨 위로에 속지 맙시다",IT
251,면역 최강 117세 초장수 女…놀라운 '3주 식단'의 비밀,IT
252,“특정 냄새만 못 맡으면 치매 전조 증상 의심… 조기 검진을”,IT
253,"KT 박윤영 체제 내일 출범… 첫 칼날, 조직 슬림화 향한다",IT
254,[김범준 기자의 모던보이]'시키는 AI' 넘어 '스스로 하는 AI'…에이전틱 AI 시대 온다,IT
255,"TSMC, 2028년까지 반도체 물량 완판… 삼성 파운드리 ‘대안 공급처’ 기회 잡나",IT
256,HBM 높이 규격 완화되나… 장비업체 셈법 복잡,IT
257,칩플레이션 직격탄… 소니 ‘플스5’ 가격 인상,IT
258,AI 인재 패권 역전… “2명 중 1명이 中 출신”,IT
259,“AI도 못 푸는 질병… 답은 양자컴퓨터”,IT
260,AI의 ‘아부’와 ‘방종’을 경계하라,IT
261,"낫싱, 실용성 강조한 무선 헤드폰 ‘a’ 출시… 배터리 효율과 뛰어난 가성비",IT
262,“모바일 기기 과열 막는다”…열 성능 예측 향상,IT
263,"“시청률 대박 믿었다가, 날벼락” 완전 망했다…충격적 손실 사태",IT
264,"어둠 속 ‘떠돌이 행성’ 위성이, 태양도 없이 바다를 만든다?",IT
265,‘50kg 포탄’ 든 우크라 노병에 착용만으로 ‘힘’ 되는 AI 전우,IT
266,"반도체 시장의 미래, 터보퀀트가 흔든다?",IT
267,"삼성바이오, 창사 이래 첫 파업 위기…""노조 찬성률 95.5%""",IT
268,반세기 만의 '달 유인 비행' 카운트다운…아르테미스 2호 주역들도 발사대 집결,IT
269,"""경주 얼굴무늬 수막새 그려줘"" 챗GPT에 요청했더니…",IT
270,"“대기업 건물까지 순식간에 ‘깜깜’” 한국서 초유의 정전 사태…반전 이유, 알고 보니 [지구, 뭐래?]",IT
271,"'TFT' 17번째 세트 '우주의 신들' 공개…""나를 숭배하라""",IT
272,[DD 주간브리핑] LCK 개막부터 AI 서밋까지…산업 판 흔든다,IT
273,"상승세 탄 앤스로픽, 10년 복수 이룰까",IT
274,"24조원 손실에 ‘꿈의 전기차’ 포기…혼다, 소니 손 놨다",IT
275,"인간 흉내낸 AI, 1500억 가치 인정받았다…시장분석·예측 판바꾼 이 회사",IT
276,구글 터보퀀트 HBM 영향 제한적...AI 문턱 낮춰 생태계 키울 기회,IT
277,삼바 창립 후 첫 파업 위기... 노조 찬성률 95% 넘었다,IT
278,"‘시민의 선택’ “기후위기 파급력, 온실가스 감축 속도에 달려”",IT
279,'박윤영호' KT 고강도 쇄신… AI 사업 키우고 조직 정예화,IT
280,"KT, 박윤영호 출범 직후 대규모 임원 교체 예고",IT
281,"가상자산거래소 규제, 가장 센 칼부터 꺼내선 안 된다[김현아의 IT세상읽기]",IT
282,[가상자산 나침반] 비트코인 7만 찍고 6만달러대로… 중동 불안에 상승세 꺾이나,IT
283,"""AI가 스타트업 판 바꿔…기존 틀 깨려면 美 창업이 유리""",IT
284,유가 급등에 친환경 중고차 수요 급증…테슬라·아이오닉 '품귀 조짐',IT
285,중동 전쟁으로 헬륨 생산 3분의 1 중단…韓 반도체 산업 위협,IT
286,AI 챗봇에 “중립적으로 답해”라고 했더니…응답 10개 중 7개는 “이것”,IT
287,환자들 챗GPT에 심층상담 받는데 … 병원은 AI 활용에 소극적,IT
288,"[단독] AI 활용해 진단서만 작성해줘도 빅5병원, 하루 2000명 환자 더 본다",IT
289,"""매일 2~3시간 진료 대신 행정업무""…AX로 의사 부담 줄여야",IT
290,로봇·드론이 탱크 이기는 시대…존재감 커지는 방산 스타트업,IT
291,"스마일게이트 에픽세븐, 8.3 대규모 업데이트 예고...장비-영웅 육성 구조 개편",IT
292,"“누구나 ‘60만원’ 공돈 준다” 쏠쏠한 용돈벌이에 난리더니…결국, 특단의 대책?",IT
293,AI·IP에 6000억 베팅…게임업계 뜨거운 R&D 경쟁,IT
294,"유니콘 넘보는 망고부스트, AIDC 인프라 사업 도전장",IT
295,"英 옴디아, SKT ‘AI 전략’ 집중 조명 “SKT는 글로벌 AI 인프라 전환 이끄는 선두주자”",IT
296,"가속도 붙은 中 신약개발…""K바이오 전략 수정 필요""",IT
297,"셀트리온, 日 공략 강화…알러지·안과 치료제 출시",IT
298,"""임상 1단계만 더 하자 … 팔지말고 끌고가야""",IT
299,K바이오에 '봄바람'… 뚝심의 기업가정신으로 끝까지 가보자,IT
300,"""요금 올리면 고객 절반 이탈"" AI가 예측한다",IT
301,"피부암을 점 빼는 레이저로 지졌다?…피부진료 '오진' 급증, 왜",IT
302,"美 AI기업, 인재 찾아 실리콘밸리로 집결",IT
303,반도체 주가 뒤흔드는 구글 ‘터보퀀트’···게임체인저냐 아니냐 갑론을박,IT
304,"세미파이브, R&D 2배 '베팅'…선단 기술 선점 승부수",IT
305,"삼성 中 시안 공장, 236단 8세대 낸드 전환 완료…9세대도 올해 가동",IT
306,AI 인재 패권의 역전… “최상위 연구자 2명 중 1명은 中 출신”,IT
307,"티빙, KBO 개막 맞춰 '야구 특화 콘텐츠' 쏟아낸다",IT
308,"한국인, WHO 기준보다 1.6배 짜게 먹어…전문가 ""감칠맛 찾자""(종합)",IT
309,HBM 표준 ‘높이 규격’ 완화 논의에 셈법 복잡해진 장비 업계,IT
310,10명 안팎 도전장… 달아오른 ‘과기계 기관장 공모’ 5월 중 속속 윤곽,IT
311,"[강민성의 헬스토리] 당분뿐이 아니다… 당뇨환자, 굽거나 튀긴 음식도 절제해야",IT
312,"54년 만에 유인 달 탐사, 아르테미스 미션… 사고 철저 대비한 나사",IT
313,"크기에서 효율로… OLED, AI 시대 디스플레이 핵심 부상",IT
314,닻올리는 KT 박윤영호…AI 경쟁력 강화·조직 슬림화 드라이브,IT
315,[김남석의 개미생활] 넷마블의 ‘특정주주’ 가치 제고 계획?,IT
316,특수 분야 반도체 국산화 준비 완료…4인치 웨이퍼 수율 95% 달성,IT
317,"쿠쿠, 밥솥 시장 독주체제 굳혔다",IT
318,[1분건강] 아침에 일어났더니 발목이 안 올라가요,IT
319,"넷플릭스, 북미서 요금 인상…한국은 변화 없을 듯",IT
320,"TSMC 2년치 물량 완판, 삼성전자 파운드리 기회될까",IT
321,"위메이드, ‘레전드 오브 이미르’ 스팀서 서비스… 플랫폼 확대 전략",IT
322,"10년 굳어진 '임원 100명'…KT 박윤영호, 첫 칼 어디로",IT
323,"월드컵 이후도 독점중계?...""보편적 시청권 재설계 필요""",IT
324,‘무조건 내 편’ AI 챗봇의 치명적 부작용…갈등 해결 능력 망친다 [사이언스라운지],IT
325,호주 이어 인도네시아도 ‘청소년 소셜미디어서 아웃’...7000만명 영향 받는다,IT
326,"딥엑스, 양산 7개월 만에 8개국·27건 구매 주문 확보",IT
327,"‘배그’만으론 부족...크래프톤, 영업이익 1조에도 깊어지는 고민",IT
328,"[ZD브리핑] KT 주총, 박윤영 대표 선임안 논의…현대車 북미라인업 공개",IT
329,[AI 고속도로] 정부가 점찍은 '베라루빈'…국내 안착 가능할까,IT
330,"박윤영號 KT, 첫 CR실장에 한형민 전 문체부 차관보 내정[only 이데일리]",IT
331,'세계 최대' 中 스마트폰 시장 4% 뒷걸음질 쳤는데…애플은 23% 성장,IT
332,"MLB 스트라이크 판정, 5G 특화망으로 풀었다",IT
333,스타링크 공세에 밀린 韓 통신사…리셀러 됐지만 실속은 없었다,IT
334,"롯데케미칼, HD현대와 대산 통합법인 설립…사업재편 본격화",IT
335,"프리스마크 ""日닛토보 T-글래스 공급부족 갈수록 커진다""",IT
336,"“병원서 택시 대신 불러준다”…카카오모빌리티, 고령층 이동 지원",IT
337,"최민희, 올림픽·월드컵 방송 사전승인제 도입법 발의",IT
338,"소니, PS5 전 제품군 가격 인상…최대 150달러",IT
339,크래프톤 배그 9주년 행사 '인산인해'…e스포츠선수와 1대1 대결 눈길,IT
340,"징둥닷컴, 독일 전자제품 유통사 '세코노미' 인수 제동",IT
341,KT 박윤영호 31일 출범…AI 수뇌부 대거 물갈이 예고,IT
342,"셰브론·쉘 등 글로벌 에너지 CEO ""석유 공급 부족 시장 관측보다 더 커""",IT
343,0.00009와트 초저전력으로 풀 컬러 해상도 구현… 다양한 색 표현에 초고해상도까지,IT
344,"KAIST, 배터리 부담없이 초고해상도 AR·VR 구현 가능성 제시",IT
345,"1세대 AI 기업, 수익화 본궤도",IT
346,"라이엇게임즈 TFT 세트 17 '우주의 신들' 공개…""신의 은총 콘셉트""",IT
347,"투비유니콘, ETRI와 손잡고 미션크리티컬 AI 시장 ""정조준""",IT
348,“전력사용 거의 없이도” 초고해상도 AR·VR 구현…차세대 ‘디스플레이’ 개봉박두,IT
349,1인치에 화소 1만6900개…저전력·초고해상도 모노픽셀 디스플레이,IT
350,"정부, 전국 5G 단독모드 전환 추진…2030년 6G 상용화 목표",IT
351,"""미키가 왜 여기서 나와?""…네이버웹툰, 글로벌 IP 몰리며 ‘덕후 플랫폼’ 진화",IT
352,"""내 일자리 뺏길라""…기업 AI 도입 발목잡는 '직원 불안'",IT
353,"“트럼프, 호르무즈 해협 개명 검토” 美 언론…연설선 ‘트럼프 해협’ 말실수도",IT
354,"정부, 부당한 가격인상 주유소 ‘무관용 원칙’ 대응",IT
355,"카카오게임즈, 라인야후 품으로…다음 '뉴스 댓글' 부활[뉴스잇(IT)쥬]",IT
356,"유가 상승 여파, 디스플레이 광학필름으로 확산...편광판 가격 오른다",IT
357,[챗ICT]롤 독주 체제 끝나나…크래프톤 도전장,IT
358,"‘1984’도 금서?…영국 학교, AI가 고른 도서 200권 철거 논란",IT
359,"가상자산 거래소, 작년 하반기 매출 ‘급감’…주총서 실적 공개",IT
360,동남아 최초 '이곳' 16세 미만 아동 SNS 규제한다,IT
361,[1분건강] 양치질 열심히 해도 봄철 유독 심해지는 입냄새,IT
362,한국인 인공지능 사용 “한 달에 2시간”…지난해보다 39분 늘어,IT
363,'온라인 주민번호' CI 잇단 유출 악용 우려...개선 논의는 '지지부진',IT
364,李대통령 “전기 절약” 주문에…통신 3사도 긴급 ‘저전력 모드’,IT
365,"갤럭시 S26 출시 한 달 만에 가격 '뚝'…이통3사, 공통지원금 2배↑",IT
366,[뉴스줌인] '평생 가는 CI' 개선하려면…CI2 전환·유효기간제 등 대안,IT
367,전력계통평가 발묶인 수도권 AIDC…신속 공급 타이밍 놓칠 우려도,IT
368,잡는 택시마다 ‘앱 예약’ 허탈한 노인들…이제 병원에서 불러드려요,IT
369,"셀트리온, 일본서 옴리클로·아이덴젤트 품목허가 획득",IT
370,"카카오모빌, 분당서울대병원에 택시 대신 불러준다…고령층 이동 지원",IT
371,"카카오모빌리티, 분당서울대병원에 ‘택시 대신 호출’ 도입",IT
372,"""내 삼전·닉스 갑자기 왜 떨어진 거야?"" 구글이 쏘아올린 작은 공[AI 아틀라스]",IT
373,서울대 캠퍼스에 송병준 의장 뜬다... 창업 선배가 내놓을 조언은?,IT
374,"[100세건강]""기침 오래간다 했더니""…스펀지 같던 폐가 굳는 '이 병'",IT
375,창립기념일은 '다시 듣는 날'…취임 직후 고객부터 찾은 정재헌,IT
376,"병원에서 '카카오T 택시' 대신 불러준다…""고령 환자 편의성↑""",IT
377,"정부, 의정 갈등 기간 중증진료 유지 병원에 1兆 지급",IT
378,"""잘못하면 번호 정지됩니다""…KT, 악성 사이트 통한 스미싱 경고",IT
379,예멘 후티 반군 이스라엘에 미사일 공격…국제유가·운송 부담↑,IT
380,"전공의단체, 의협 산하 벗어나 독립 법인 추진",IT
381,"카카오모빌리티, 분당서울대병원에 ‘택시 대신 불러주기’ 도입",IT
382,"뉴립스, 뒤늦은 정정에도…AI 학술교류, 미중 갈등에 휘말렸다",IT
383,“韓 대학생들 일냈다”…국제 AI 게임대회 우승,IT
384,"소니, 日 시장서 CF익스프레스·SD 카드 수주 중단",IT
385,"“병원서 택시 잡아드려요” 카카오모빌리티, 분당서울대병원과 이동 약자 지원",IT
386,MS 엑스박스 '파트너 프리뷰' 성료…신작 19종 대거 공개,IT
387,"""AI 시대에도 답은 고객""...정재헌 대표, 첫 행보는 시니어 고객과 소통",IT
388,"스테이크 40% 할인·와인 반값…신세계그룹, '랜쇼페' 1일 개막",IT
389,"""달리면 생수""...CU, 포켓CU 앱에 ‘러닝 멤버스’ 도입",IT
390,"BTS 월드 투어, 갤럭시 S26 울트라로 즐긴다…삼성전자, 하이브와 글로벌 파트너십",IT
391,"복지부 ""담뱃값 인상과 주류 부담금 부과 논의 안해…향후 검토""",IT
392,"[위클리배터리] 삼성SDI-엘앤에프, LFP 양극재 '빅딜'…피노 투자로 듀얼벤더 구축",IT
393,칠흑같이 어두운데 기온은 따뜻?…기이한 천체에 외계 생명체 있을까,IT
394,"""AI 도입 막는 건 기술이 아니다""…직원 '감정 리스크'가 최대 변수 [AI브리핑]",IT
395,'모텔 살인' 김소영 뽀샵에 9900원 결제…40대 男기자도 놀랐다,IT
396,"포털 다음, 3년 만에 '뉴스 댓글' 도입 ⋯실시간 트렌드도 다시 재개",IT
397,"""전화 받기 무섭다"" 어르신들 위해… 포천 달려간 정재헌 SKT 대표",IT
398,"[르포]""10주년 벌써 기대돼요""…4천명 몰린 '배틀그라운드' 팬 축제",IT
399,"[AI는 지금] AI 인력 부족, '미스매치'가 원인…""개발자 중심 직무 체계 벗어나야""",IT
400,‘KV 캐시’ 6분의 1로 압축…구글 터보퀀트에 반도체 시장 출렁,IT
401,쿠팡 사태로 '예스24' 랜섬웨어 뒷전...조사만 9개월째,IT
402,"우려되는 난카이 해곡 대지진, 한반도는 안전한가",IT
403,"우크라이나군, 병사들에 근력 보조 ‘외골격 기기’ 첫 보급…전투력 유지 총력",IT
404,"""검색의 종말? 천만에""…오히려 판 키운 생성형 AI",IT
405,"[써보니] 아이폰 17e...""용량은 두 배 가격은 그대로""",IT
406,구글판 '딥시크 모멘트'…터보퀀트가 바꾼 AI 판,IT
407,"""BTS 라이브에 자극받았나""…티빙, 글로벌 진출 전담팀 꾸린다",IT
408,"'음이온' 낸다며 방사성물질 담은 팔찌, 해외직구로 들어온다",IT
409,"""갤럭시S26, 출시 한 달 만에 반값""…삼성 '파격 승부수'",IT
410,아르테미스 2호 이번주 카운트다운…화성 탐사 발판 구축,IT
411,30년 KT맨 박윤영의 귀환… '외부 수혈' 시대 막 내린다,IT
412,[KISTI의 과학향기] 고대 로마 의사들은 똥을 약으로 썼다?,IT
413,[유가 파장] ① 통신3사·핀테크까지…IT업계 절전 모드 돌입,IT
414,카카오 살린 네이버...'카겜 인수'는 라인야후의 독립 선언,IT
415,"[과학을읽다] 위성은 왜 떨어지는가…'공기와 싸우는 우주', 초저궤도 전쟁",IT
416,"KT ""불법 스트리밍 악성행위 탐지""…삭제 권고·이용자 주의 당부",IT
417,'거버넌스'에서 'AI 신뢰성'으로…국내 1세대 데이터관리 시장 구도 '격변',IT
418,"코난테크놀로지, ""창사 이래 최대 매출 했지만""…실적 지속성이 숙제",IT
419,네이버도 못 살린 우버택시… 카카오T에 막혀 ‘반짝 반등’ 시들,IT
420,"신세계百, ‘시코르 AK수원점’ 정식 개점",IT
421,GPU 잡는 NPU 한국에 있다…AI반도체 2세대 승부사들,IT
422,붉은사막 다음은 ‘K-포켓몬’… 올해 베일 벗는 펄어비스 차기작 ‘도깨비’,IT
423,"""암 환자 30만 시대…서울 안 가도 되는 '지역완결 치료' 목표""",IT
424,"""삼성전자·하이닉스 끝났다?"" 구글 ‘터보퀀트’의 역설...""결국 AI가 모든 것 휩쓴다""",IT
425,“서명을 위조했다고? 네 잘못 아냐”…‘아첨꾼 AI’ 말만 듣다 왕따될라,IT
426,[실제 써보니] 독특한 시스템으로 돌아온 TFT 세트 17 '우주의 신들',IT
427,[터보퀀트 쇼크] ③ 단순 용량 경쟁 끝나나…K반도체 생존 열쇠는 '맞춤형 메모리',IT
428,“딱 하나 부족했다고 이럴수가”…눈 떨림·수면장애·만성피로 막아주는 한알 [MK약국x약들약],IT
429,"'가나에서 인육 팔아 150억 원 벌었다?' 말도 안 되는 기사, 왜 나왔을까",IT
430,"데이터스트림즈 ""AI한계 데이터 아케텍처와 거버넌스로 해결""",IT
431,“25만원에 샀다” “난 29만원이다” 100만원 간다고 난리더니 ‘충격적 추락’…국민 포털 무슨 일이,IT
432,"""女신입이 자꾸 제 몸을 만져요""…선 넘은 장난? 친분 탓?",IT
433,"""5g짜리 센서 붙이면""…내 시계가 스마트워치로 변신",IT
434,‘개발자’가 ‘기발자’로…대전환기에 필요한 건? [AI:너머],IT
435,갤럭시 부러웠나…아이폰 '2억화소' 카메라 탑재 시험?,IT
436,"김태현 디렉터 ""배틀그라운드, 이중가챠 없앨 것""",IT
437,"[AI는 지금] 수요 급증 속 클로드 장애 반복…앤트로픽, 정책·인프라 시험대",IT
438,“결국 완전 망했습니다” 대박 날 줄 알았더니…충격적 ‘퇴장’ 무슨 일이,IT
439,치매로 이어지는 ‘파킨슨병’…‘이 기능’ 먼저 떨어지면 더 위험,IT
440,'메모리 6배 압축' 삼전닉스 주가 박살낸 신기술...한국인 교수가 만들었다 [지금이뉴스],IT
441,"크래프톤 ‘배틀그라운드’, 9주년 축제…팬들 참여 열기 ‘후끈’",IT
442,"“생전 처음 봐, 이게 예쁜가?” 요즘 20대 이걸 30만원 주고 산다…뭔가 했더니",IT
443,"화면 밖으로 나온 '배그', 9주년 축제에 4000명 운집",IT
444,"유명 IT 팁스터 ""아이폰 18, 다이내믹 아일랜드 작아진다""",IT
445,"“AI 확산=보안 수요 폭증”…美 투자사, 보안 시장 2배 성장 예측",IT
446,"""한 사람이 드론 100대 조종""…中 드론 군집 기술 어디까지",IT
447,"""인스타 그만해""…아시아 최초 SNS 금지한 나라",IT
448,엔비디아도 못 구한다는데…'2인자' 삼성에 온 반격 기회,IT
449,7000만명 ‘SNS 셧다운’…극한 처방 나선 이 나라,IT
450,배틀그라운드 9주년…화정체육관서 축하 이벤트 개최,IT
451,"[르포] ""배틀그라운드는 내 인생""…9주년 축제에 4000명 모였다",IT
452,"AI는 빨라졌는데 교실은 그대로?…유은혜, 경기교육 업그레이드 착수",IT
453,'고집 꺾은 애플'… 아이폰도 2억 화소 시대 열리나,IT
454,[위클리반도체] 구글 '터보퀀트' 파장에 엇갈린 전망… SK하이닉스 100조원 실탄 확보 나서,IT
455,KT '박윤영 체제' 출범 임박…조직 슬림화 속도,IT
456,"숏츠 중독 못 끊는 진짜 이유, 알고 보니…[달콤한 사이언스]",IT
457,얼굴 없어도 75조 번다…'버튜버' 춘추전국시대,IT
458,"위메이드 '레전드 오브 이미르', 스팀·동남아 쌍끌이 흥행 정조준",IT
459,"인류, 반세기 만에 다시 달로 향한다···우주비행사 4인, 발사장 집결",IT
460,"""올해 OLED 모니터 출하 51% 상승"" 트렌드포스",IT
461,"‘피지컬 AI’ 엔진 얹은 카카오모빌, 자율주행·로봇 시대 정조준 [빛이 나는 비즈]",IT
462,"""AI로 누구나 3D 애니 감독""…네이버가 투자한 韓스타트업 어디",IT
463,"[사이언스샷] 토성 향한 두 시선, 진면목 드러내다",IT
464,"정부, 우승상금 5억 상향 '올해의 K-스타트업' 시행",IT
465,달 탐사에 첫 여성·유색인종 참여…NASA ‘아르테미스Ⅱ’ D-5,IT
466,"국내기업 45% ""정보보호 예산 없어""...65%는 ""조직 없어""",IT
467,美 특허청 “中 정부 기업 특허무효심판 제기 불가”에 韓 첨단기술 방어권↑,IT
468,"메모리 과부하 줄이는 구글 '터보퀀트', 오히려 메모리 기업에 이득 가져올 것",IT
469,AI 에이전트發 '사스포칼립스'는 기우…SaaS 넘어 'SaS(소프트웨어형 서비스)'로 간다,IT
470,'아이폰' 깨물던 지드래곤도 '좋아요'…애플 '야심작' 뭐길래 [테크로그],IT
471,"갤럭시S27 울트라, 최초 'LPDDR6·스냅드래곤 8 엘리트 6 프로' 탑재",IT
472,"""아이폰 폴드 보고 있나""… 삼성, 화면비율 바꾼 'Z 폴드 8 와이드' 포착",IT
473,"구글의 ‘검색 진화’ 어디까지…서치 라이브, 한국서도 쓴다",IT
474,중국시장 여전히 미련 남은 현대차 …‘3축 전략’으로 체질 전환,IT
475,"[게임위드인] 데브시스터즈의 대전 게임 도전, '쿠키런 오븐스매시'",IT
476,"""시리 심폐소생술 나선다""…애플, 구글 출신 릴리안 린콘 영입",IT
477,"""M자 탈모의 완벽한 진화?""… 아이폰18, 화면 가림 줄인 새 디자인",IT
478,"[겜별사] ""돌아온 전설의 쿠팡맨""…'데스 스트랜딩2: 온 더 비치'",IT
479,"[단독] KT 박윤영, 구조조정 인원 ‘2300명’ 원상 복귀",IT
480,눈부신 고리…허블과 웹이 본 ‘태양계 가장 아름다운 행성’,IT
481,VR 헤드셋으로 가상 세계 냄새를 맡는다,IT
482,게임스컴 2026 입장권 판매 개시... 얼리버드 31일 마감,IT
483,“소프트웨어 호러 닥쳤다”…‘월 1억회 다운’ 오픈소스 AI 도구에 악성코드,IT
484,"'맥북병', 99만원이면 완치?…직장인 '서브 노트북' 정석 될까",IT
485,“인생의 황혼 앞에서 멈춰 서다”... 허광호 산문집 '오후 5시 쉼표 하나'[신간],IT
486,"""메이드 인 USA 아이폰 가속화""… 애플, 美 부품망에 4억 달러 추가 투입",IT
487,"이란 연계 해커, 미국 FBI 국장 개인정보 털었다",IT
488,"""엔비디아 없어도 된다""… 바이트댄스·알리바바, 화웨이 신형 AI 칩에 '베팅'",IT
489,"中 SMIC, 이란 군부에 반도체 장비 수출 의혹… 트럼프 행정부 ""1년 전부터 지속""",IT
490,비트코인 6.6만달러도 ‘위태’…중동전 장기화에 ‘외통수’,IT
491,취업 준비하고 영화 봤을 뿐인데…줄줄이 새는 개인정보,IT
492,"[네카오는 지금] ""실적 좋은데 주가는 왜""…속 타는 주주들",IT
493,나프타 쇼크에 포장재 비상…파우치 배터리는 괜찮나,IT
494,“가파른 곳도 ‘쑥~’” 배 농장 어르신들 팬덤 만든 ‘로봇’[잇:써봐],IT
495,"지구 온난화, 항생제 내성 박테리아 확산 부른다",IT
496,"""허블＋웹이 함께 찍었다""…토성 역대급 사진 공개 [우주로 간다]",IT
497,갤럭시로 담는 BTS 월드투어 ‘아리랑’...삼성전자·하이브 협업,IT
498,[카드뉴스] AI가 똑똑해지면 메모리가 필요없어질까,IT
499,"메쥬, 상장 첫날 공모가 대비 81% 급등…코오롱티슈진·메디포스트도 '들썩'[바이오맥짚기]",IT
500,[사이언스영상] 챗GPT로 반려견 암 치료했다 ,IT
501,"美, 반도체 공급망 위한 '팍스 실리카' 펀드 출범…3700억원 투입",IT
502,"식물원인 줄 알았는데 병원, 건축이 기후위기에 맞서는 법",IT
503,"칩 보안법, 美하원 외교위 통과...엔비디아·AMD에 '밀수방지' 의무화",IT
504,"입에서 불나는데 계속 먹는다, 캡사이신의 비밀",IT
505,"[AI는 지금] ""규제보다 실행""… 트럼프, 'AI 연합군' 앞세워 반도체·전력망 병목 뚫는다",IT
506,우주서 1년 보내자 뇌 위치가 바뀌었다…기간 길수록 변화 커,IT
507,AX에 보안 중요성 ‘껑충’… “우수 인력으로 양자내성암호 전환 선도”,IT
508,"[바이오사이언스] '오운완' 2040이 젤라틴 챙기는 이유…""99% 순수 단백질""",IT
509,"'1500% 폭증' 클로드 서비스, 챗GPT 추월…AI 영원한 승자는 없다",IT
510,"이통3사, 에너지 위기 대응 총력…차량 통제·전력 절감 '전사적 확대'",IT
511,"갤럭시 S26 울트라로 담는 BTS의 감동, 삼성전자-하이브 전격 협업",IT
512,국장 신상 탈탈 털린 FBI…‘이란 해커’에 1000만달러 현상금 걸었다,IT
513,"[지금, 명의] “눈앞 날파리 갑자기 수천 개…망막박리 ‘즉시 검사’ 하세요”",IT
514,[테크톡노트] 딥시크 데자뷔…구글 '터보퀀트'의 등장,IT
515,수장 연임 확정한 카카오 그룹…'수익화·글로벌 확장' 힘 준다,IT
516,"[지금, 명의] “발바닥이 찌릿·먹먹하면 신경 문제…빨리 치료 받아야”",IT
517,"오늘 KBO 시즌 개막…'중계 3년차' 티빙, 야구 열기 달궜다",IT
518,"'허블'이 밝혀낸 '게 성운', '허블'이 25년 만에 다시 바라보다[코스모스토리]",IT
519,"엔씨, 2030년까지 매출 5조원…증권가도 '불가능한 목표 아냐""",IT
520,"꽉꽉 눌러 담은 99만원 아이폰…""이것 참 아쉽네""[테크로그]",IT
521,[AI세계속으로]성인모드 보류·소라 철수…솎아내기 나선 오픈AI,IT
522,"""월드컵은 공짜, BTS는 유료?""…'안테나' 시대에 갇힌 방송법[보편시청권 논란 上]",IT
523,"넷플릭스, 1년 만에 또 가격 인상한다",IT
524,'콜 차단 의혹' 카카오모빌리티 첫 재판서 전면 부인,IT
525,[AI돋보기] 송유관 대신 데이터센터…'전쟁 표적' 된 AI 인프라,IT
526,[주말엔게임]'아크' 이어 '데이브'·'붉은사막'까지…K콘솔 흥행가도,IT
527,선택과 집중 넘어 AI 무한확장 시대…맞춤형 메모리 빅뱅 온다,IT
528,[금주 신작·업뎃] 300만의 기대작 '쿠키런: 오븐스매시' 출시…'컴프야2026' KBO 개막 업데이트,IT
529,[인터뷰] 갤럭시S26에 위성 연결 기능 구현한 美 스카일로… 파스 트리베디 CEO “기업·소비자에 끊김 없는 네트워크 경험 제공”,IT
530,[ET시선] '오픈소스전환(OX)' 이젠 생존전략,IT
531,“AI 정책이 너무 많아 혼란”…엇박자 막아낼 임문영 AI 전략위 ‘시험대’ [IT클로즈업],IT
532,[알아BIO] 코스닥 주도주 된 제약바이오…마냥 웃을 수는 없다?,IT
533,당차게 ‘즉시 결제’ 선보였다 금방 접은 챗GPT···‘AI 쇼핑’ 야심과 현실 사이[산업이지],IT
534,"""AI 답변 비용 최대 6배 낮춘다?""…구글 '터보퀀트' 뭐길래 [터보퀀트 쇼크 ①]",IT
535,"4월부터 약물 운전 단속, 처벌 강화…""이 약 먹었다면 자제하자""",IT
536,외국인 51조 던졌다…코스피 ‘반도체 집중 매도’,IT
537,"AI 수요 늘었지만 수익성 부담…LS전선, STO로 1조 조달 추진",IT
538,[터보퀀트 쇼크] ② 오히려 'AI 고도화' 촉발…데이터센터·엣지 혁신 '기대감',IT
539,"NHN, '벅스' 매각 무산…""인수자 잔금 미납으로 계약 해지""",IT
540,中 AI 기업 3조원에 인수한 메타에 중국 정부 조사 착수…‘싱가포르 워싱’ 모델 제동,IT
541,"이란 전쟁 장기화 우려↑, 美 뉴욕증시 꽁꽁…나스닥, 이틀째 2%대 급락",IT
542,“유튜브·인스타 때문에 우울증 걸려”…구글·메타에 90억 배상 평결 나왔다,IT
543,[ET톡] 붉은사막에 거는 기대,IT
544,"농민 10명 중 8명, 근골격계 질환 호소",IT
545,"펄어비스 '붉은사막' 출시 1주일 '순항'…""판매량 500만장 해볼 만하다""",IT
546,머스크가 보낸 억대 '러브콜'... 고민 깊어지는 삼성·SK하이닉스 엔지니어들,IT
547,메모리 6분의 1만 쓰는 ‘터보퀀트’… 반도체 시장 요동,IT
548,엔비디아·딥시크·화웨이도 ‘메모리 효율화’ 경쟁,IT
549,내달 구형폰 '카카오톡' 막힌다…공공알림 못 받는 이용자만 100만명?,IT
550,BTS 월드투어 '갤S26 울트라'가 담는다…삼성전자·하이브 맞손,IT
551,"""또 올랐다"" 넷플릭스 美구독료 최대 2달러 인상…한국도 '비상'",IT
552,"“이걸 누가 사나 했더니” 순식간에 600명 몰렸다…놀라운 이유, 알고 보니",IT
553,"뷰노, 이사 보수 한도 안건 '부결'…정족수 확보 '빨간불'",IT
554,"삼성전자, 노사 임금협상 다시 중단",IT
555,'노쇼'로 347억 딜 '수포'…NHN벅스 매각 결국 무산,IT
556,"""3년에 한 번은 우주 실험해야""…반복 실험·설계·규제 손봐야",IT
557,"""누구 얼굴 베낀거냐""…미녀 여배우 등장에 '발칵' [이슈+]",IT
558,"“사람, 장소만 바뀐다” “너무 식상하다” 욕먹던 나영석 예능…넷플릭스 가더니, 순식간에 ‘1위’",IT
559,"""한국 우주비행사와 함께하길""…2040년 달·화성 민간시대 여는 액시엄 스페이스",IT
560,박윤영 체제 앞두고…AI리더십 개편 속도내는 KT,IT
561,"[주총] 1시간 주주 달랜 위메이드 박관호…""비용 효율화 작업 지속""",IT
562,"SK텔레콤, SK브로드밴드 100% 편입 절차 돌입…5월 완료",IT
563,"[단독] 금융권도 Ai Native가속 … 신한, AI비서 1000개 만든다",IT
564,"NHN, 벅스 매각 무산…""인수자 잔금 미납에 계약 해제""",IT
565,"[단독] AI 반도체 기업 소테리아, 기술·경영 부문 각자 대표 체제 전환해 IPO 시동",IT
566,"'콜 차단' 혐의 카카오모빌리티, 첫 재판서 혐의 전면 부인",IT
567,"넷플릭스, 美 구독료 인상… 1년 만에 월 최대 2달러↑",IT
568,AI 비서가 입찰공고 분석해 제안서 작성 … M&A 타당성 분석도,IT
569,"'재선임' 손은진號 메가스터디, '역성장'은 숙제로",IT
570,"SKT, SK브로드밴드 100% 자회사 만든다…5월 주식교환 완료",IT
571,아이폰서 구글 제미나이 호출한다,IT
572,"“앤트로픽, 이르면 올해 10월 상장”…오픈AI와 IPO 경쟁",IT
573,"당근, 역대 최대 실적…광고·알바·모임 다 터졌다",IT
574,"줄기세포 3D 배양 난제, 우주에서 푼다…""비용 문제 넘어야""",IT
575,"[DD퇴근길] 구글 '터보퀀트' 등장, 반도체 생태계 흔들",IT
576,"애플, '맥 프로' 단종⋯전문가용 데스크톱 역사 속으로",IT
577,"태양 먹는 미생물, 현실에선 가능할까… 영화 ‘프로젝트 헤일메리’ 속 과학",IT
578,"SKB, 완전히 SKT 품으로...유선 통신 시너지 기대",IT
579,"위메이드 박관호 대표, 주총장 성토에 직접 주주 달래기",IT
580,"""여행 AI솔루션 수출기업으로 변신했죠""",IT
581,교체보다 유지 택한 게임업계…주총 키워드는 '리더십 안정',IT
582,"“보안 내재화 원칙 미준수”…LGU+, 이용자 ‘보안공백 방어’ 과제로",IT
583,"증권사, 국장 복귀 개미들 잡아라…불붙은 RIA 이벤트 경쟁",IT
584,"샌디스크 경영진 ""터보퀀트? 낸드 수요 더 키울 것""",IT
585,"[인터뷰] 블룸테크놀로지 ""블록체인 경쟁력 자신⋯韓 기술로 글로벌 도전""",IT
586,"美 “SMIC, 이란 군부에 반도체 기술 지원”… 미중 갈등 변수 부상",IT
587,정체된 게임섹터…주주환원으로 투자심리 회복 총력,IT
588,"“광고 매출 반토막”…머스크, X 광고 보이콧 소송도 패소",IT
589,"""삼전닉스 큰일"" '터보퀀트'에 주가 휘청이는데…과학자 대답 '반전'",IT
590,변화 대신 안정 택한 게임업계…수장 재선임 통해 '위기 돌파' 채비,IT
591,"영화 'her' 현실로?…구글, AI 기반 음성검색 서비스 ‘서치라이브’ 글로벌 출시 [팩플]",IT
592,[비즈톡톡] 구글 ‘메모리 절감 기술’에 흔들린 반도체株… “수요 꺾임 아닌 확대 신호”,IT
593,메모리시장 충격 준 터보퀀트…“AI 반도체 수요 고도화”,IT
594,"EQT, 더존비즈온, 2차 공개매수 돌입…상장폐지·완전자회사화 속도",IT
595,"[AI는 지금] ""이미지도 자체 기술로""…脫 오픈AI 노린 MS, 멀티모달 경쟁 본격화",IT
596,[비즈톡톡] 반도체 시장 흔든 ‘터보퀀트’… 구글의 속내는 ‘AI 검색 최적화+메모리 병목 해소’,IT
597,"'터보퀀트' 참여 KAIST 교수 ""AI 반도체 수요 고도화""",IT
598,이틀째 메모리주 끌어내린 구글 ‘터보퀀트’ 뭐길래,IT
599,"유증에 뿔난 주주 달래는 김동관, 자사주 30억원치 매입",IT
600,"AI 메모리 병목 뚫었다…KAIST 참여 ‘터보퀀트’, 최대 6배 압축",IT
601,유통 빅3 전략 갈렸다…롯데 ‘수익성’ 신세계·현대 ‘성장’,IT
602,AI 메모리 병목 뚫었다…KAIST 참여 ‘터보퀀트’ “최대 6배 압축”,IT
603,진라면 꾸미고 칼국수 면 뽑고…'라면박람회' 가보니,IT
604,우주에서 찍힌 ‘바다 속 그림’…정체는 북극 한파 [우주서 본 지구],IT
605,메모리 1/6로 줄인다고?…구글 터보퀀트 쇼크의 치명적 착각,IT
606,"한화솔루션 기습 유증에 소액주주 반기…""절차 투명했나""",IT
607,구글 ‘터보퀀트’에 반도체 시장 술렁…“수요 줄어” vs “아직 논문단계”,IT
608,[코스닥은 처음이시죠] 헥토파이낸셜 미래 변수 '스테이블코인',IT
609,KAIST 교수협 오늘 총장 후보자 접수 마감···류석영·배충식·이승섭 등 물망,IT
610,"붉은사막 초반 흥행 속 ""'도깨비' 개발 박차…연내 배당 검토""",IT
611,"[터보퀀트 쇼크] ① ""메모리 6분의 1만?""…구글 다이어트 'K반도체' 흔들다",IT
612,"미 법원, 앤트로픽 '공급망 위험' 지정 효력 중단…""수정헌법 1조 위반""",IT
613,"""TV사업 악재 어떻게 넘을까""…삼성·LG, 독자 OS로 中 추격 돌파구",IT
614,"AI와 카메라로 비친 모습 보며 대화···구글, ‘서치라이브’ 전세계 출시",IT
615,넷플릭스 美 요금 인상…한국도 오르나 '촉각',IT
616,8.6세대·폴더블 OLED 나란히 ‘순항’… 삼성디스플레이 제조 협력사 웃는다,IT
617,"선익시스템, 마이크로 OLED 증착장비 추가 수주…올레도스 투자 확대 훈풍",IT
618,"""한국 의료 AI 기술력 세계 최고 수준…지원 확대돼야""(종합)",IT
619,"애플, '시리' 외부 AI 챗봇 연동…제미나이·클로드 개방",IT
620,"[주총 포커스] 넥슨게임즈 박용현 ""신작 지연이 주가 하락 원인""",IT
621,시행 두 달만 재정비 나선 AI기본법…배포자·딥페이크·안전성 등 '수술대',IT
622,AI인프라 전쟁…반도체까지 국가 경쟁력 이슈로[AI 7대 트렌드⑦],IT
623,"잇따른 삼성월렛 결제 오류 왜?...""카드사 시스템 장애"" 지적",IT
624,"[단독] KT, 오승필 CTO 사임…기술혁신·AI 조직 개편 폭 가장 클 듯",IT
625,"휴머노이드 로봇도 외모로 승부?…""감정표현 능력 중요""",IT
626,"에프엔에스테크 ""빅테크 폴더블 생산 따른 마스크 세정 기대""",IT
627,"‘띠링~’ 폰 알림 올 때마다 확인하면, 디지털 스트레스 더 받는다",IT
628,"""7일 걸리던 해킹, 7분이면 끝""…초광속 AI 해커의 공습",IT
629,400만장 돌파 기대 ‘붉은사막’… 혹평 뒤집고 흥행 반전,IT
630,"""모바일만 한다고?"" 넷마블, 프랑스 스팀 1위 '대이변'",IT
631,"사고 나면 누구 책임?… AI 보안 위협 '빛의 속도', 법제는 '거북이걸음'",IT
632,"아기 돌잔치 즈음, 아빠가 무너진다 [사이언스 브런치]",IT
633,"죽은 세포, ‘좀비’로 살아나다...합성생물학 판도 바꿀까",IT
634,"""아들아, 챗GPT가 뭐니?""…취약계층 AI 경험률, 일반인 절반 그쳐",IT
635,"미국 넷플릭스 가격 또 올랐다, 최대 2달러…한국도 같이 오르나",IT
636,"""1년에 1000만원 올랐대"" 연봉 1억 찍었다…은행·대기업 뺨치는 '이 회사'",IT
637,우주에선 임신 어렵다…정자 움직임 ‘뚝’ 떨어져 [우주로 간다],IT
638,135만명 우르르…'BTS 광화문 공연' 누가 봤나 분석했더니,IT
639,[인터뷰] 장일수 한국오픈소스협회장 “확산 넘어 ‘안전한 관리’로 전환”,IT
640,"SK텔레콤, SK브로드밴드 완전 자회사로 편입 추진",IT
641,"KT 박윤영호, 조직 슬림화로 효율 제고…임원 감축·AI 전략 정비",IT
642,"정부, 리벨리온에 2500억 직접 투자…AI 반도체 승부수",IT
643,"금리 급등에 5조 바이백…정부, 국고채 긴급 매입",IT
644,"[사이언스샷] 향고래 출산, 이모들이 지킨다",IT
645,"[유미's 픽] ""연산보다 메모리""…구글 '터보퀀트' 등장에 엔비디아도 '긴장'",IT
646,"""해킹 위협 커지는데 '예산'은 쥐꼬리""…돈 쓰는 기업, 절반에 그쳐",IT
647,최원준 삼성전자 사장 “멀티모달 인터페이스 대세 될 것… 스마트 안경은 스마트폰 대체 아니라 보완 역할”,IT
648,"‘뇌의 철옹성’ 뚫었다…美 FDA, BBB 통과 신약 최초 승인",IT
649,물 영상 4도에서 가장 무거운 이유…세계 첫 규명,IT
650,"[주총 포커스]펄어비스 허진영, 붉은사막 흥행 강조…약한 스토리는 숙제",IT
651,"BTS 광화문 공연, 135만명 움직였다…아이지에이웍스 “팬덤은 곧 소비력”",IT
652,“머스크도 이건 몰랐을걸”…화성이민 떠난 인류 ‘불임’ 된다,IT
653,"펄어비스 허진영 ""붉은사막 아쉬움 공감…500만장 판매 목표""",IT
654,"SKT, SKB 완전 자회사 편입…‘T+B’ 시너지 강화",IT
655,만성 적자에 휘청이는 ‘한국원자력의학원’,IT
656,광화문에 16만명 모였다…중년으로 확장되는 BTS 팬덤,IT
657,"펄어비스 ""붉은사막 곧 500만 장… 차기작 '도깨비' 빠르게 선보이겠다""",IT
658,"[이슈진단+] 삼성·SK HBM, 올해도 잘 팔린다...양사 도합 300억Gb 달할 듯",IT
659,"[AI는 지금] ""실험 대신 시뮬레이션""…메타, 뇌 기반 'AI 월드모델' 경쟁 본격화",IT
660,中 상하이 맥도날드 ‘로봇 직원’ 등장…알고 봤더니,IT
661,“코인 보내면 빚 깎아준다”…대부업체 해킹 악용한 ‘코인 피싱’ 주의보,IT
662,"알뜰주유소 ""기름값 낮추려면 카드 수수료 내려야""",IT
663,"[단독] 뒤늦은 IMSI 개편…LGU+, 257대 장비 ‘망 전체’ 뜯는다",IT
664,"쉴드AI, 투자 추가 유지…기업가치 127억 달러",IT
665,27일 주총 게임사들…초점은 '체제 안정·주주 환원',IT
666,앤트로픽 손 들어준 美 법원… 트럼프 ‘공급망 위험’ 기업 지정 효력 중단,IT
667,폰카로 풍경 비추면 답변 줄줄…‘제미나이’ 영상·음성 검색 한국 출시,IT
668,"장현국 넥써쓰 대표 ""웹4 시대, AI 에이전트가 게임의 새 축""",IT
669,"오픈AI, 챗GPT 광고 두 달 만에 1억 달러 돌파…새 수익모델 만드나",IT
670,"삼성SDI, 엘앤에프-씨앤피신소재 ‘LFP 2중대’ 구축…美 공략 본격화 [배터리레이다]",IT
671,민주주의는 완성품이 아니다…시민의 관심을 먹고 자란다,IT
672,소설 ‘모비딕’ 속 고래 박치기 사실이었다 [달콤한 사이언스],IT
673,방미통위 표류 언제까지…1분기 정상화 사실상 무산,IT
674,"삼성 하만, 헝가리에 2300억원 투자…유럽 전장 확대",IT
675,"5년 적자 끊었다…김승언 남양유업 사장 ""성장 궤도 진입 신호탄""",IT
676,"검색창 두드리던 시대 끝나나…구글 검색, 이젠 '대화'로",IT
677,“치매가 너무 빨리 왔습니다”...성인 2만여명 추적했더니 문제는 ‘이 행동’,IT
678,구글 터보퀀트가 쏘아 올린 공…메모리 반도체는 정말 위기일까,IT
679,"대성파인텍, ‘DSM’으로 사명 변경하고 5대1 주식병합",IT
680,"엑스, ‘광고 보이콧 소송’서 패소…""반독점 피해 입증 못해""",IT
681,"도쿄 포켓몬 센터 흉기 난동으로 2명 사망…포켓몬 컴퍼니 ""임시 휴업""",IT
682,"논란의 '성인용 AI' 출시된다더니…""인간에 도움 안 돼"" 전격 중단",IT
683,애플 '빗장' 열리나…iOS27서 '시리' 개방 가능성,IT
684,"물이 4℃에서 가장 무거운 이유, 韓 과학자 10년 '뚝심' 연구로 풀었다",IT
685,"반려견, 1만4200년 전부터 인간 곁에 살았다",IT
686,넷플릭스 美 구독료 전격 인상…韓 가격 조정은 언제쯤,IT
687,"""나흘 만에 300만장 판매"" 돌풍…대작 게임 흥행에도 '신중'",IT
688,"'우주 임신' 영화선 되던데...실제론 ""수정률 감소""",IT
689,"DXVX, 바이오유럽에서 ‘먹는 비만약’ 알리기 총력",IT
690,"""메모리 6분의 1로 줄인다""…구글 터보퀀트에 반도체주 휘청",IT
691,"LG유플러스, ‘익시오’ 넘어 로봇까지…피지컬 AI로 확장",IT
692,"산일전기, 2대주주 지분 9.98% 블록딜 완료…""유동성 확보 목적""",IT
693,아첨하는 AI…‘나 잘난’ 인간 부추긴다,IT
694,"현대차·SK온, 美 배터리 JV 사명 'HSBMA' 확정",IT
695,"펄어비스 CEO ""붉은사막 스토리 아쉬움 공감…계속 업데이트""(종합)",IT
696,"물이 4도에서 가장 무거운 이유, 드디어 밝혀졌다 [지금이뉴스]",IT
697,유가 급등에 미소 짓는 BYD…해외 판매 호조에 주가 탄력,IT
698,구글판 ‘딥시크’ 충격…구글 AI 압축 기술 ‘터보퀸트’ 뭐길래 [세모금],IT
699,"우버, 포니 AI 손잡고 크로아티아서 로보택시 출시 추진",IT
700,"""챗봇 쓰면 지출 4.7배↑""…메이시스 데이터 공개",IT
701,"""수상한 이메일 한 통""… 엔비디아·슈퍼마이크로, 태국 경유 AI 칩 밀수 작전 꺾었다",IT
702,국내 연구진 ‘물의 비밀’ 풀었다…‘액체-액체 임계점’ 최초 관측,IT
703,"구글, 반도체 수요 줄이는 AI기술 '터보퀀트' 공개[글로벌AI브리핑]",IT
704,"‘T-B’ 시너지 강화…SKT, SKB 완전 자회사 편입 ‘지분 100%’",IT
705,"실리콘랩스, AI 가속기 품은 '시리즈 3' 4대 핵심 시장 맞춤형 공략",IT
706,"""제2의 조니 아이브 안돼""… 애플, 인재 가로채는 오픈AI에 '돈 보따리' 응수",IT
707,맥 프로 단종…애플 최고 데스크톱 역사 속으로,IT
708,"셀트리온, 일본서 옴리클로·아이덴젤트 품목허가…퍼스트무버 지위 확보",IT
709,"미 법원, 앤트로픽 가처분 인용…공급망 위험 지정한 트럼프 행정부 조치 제동",IT
710,"포항공대, '물이 4도에서 가장 무거운 이유' 증명…사이언스지 발표",IT
711,"앱클론, CAR-T·항체 치료제 다음 수 준비…자금 여력 확보 '포석'",IT
712,"에이티센스, 동물 심전도 사업 본격화…내달 동물 전용 판독센터 연다",IT
713,"애플, '맥 프로' 전격 단종… 20년 워크스테이션 역사 마침표",IT
714,"""시리야, 클로드 불러줘""… 애플, 독점 깨고 'AI 허브'로 변신한다",IT
715,"""폴더블 아이폰, 아이폰18 프로보다 늦게 나온다""",IT
716,유튜브 점령한 가짜 이국종?…100만명 속인 AI 딥페이크,IT
717,"빅테크, 영상AI 진단 정확도 의사 넘었다...위기론 나오는 까닭[빅테크 의료AI 잠식위기 上]",IT
718,올트먼 고집도 꺾였다...논란 끝에 '무기한 연기',IT
719,트래픽 급증에도 설비투자 6년새 40% 뚝,IT
720,삼성 '갤럭시S27 울트라'에 퀄컴 차세대 칩셋 탑재...스펙 보니 [1일IT템],IT
721,"[1분건강] 갑자기 몸에 튀어나온 ‘혹’, 혹시 지방종일까",IT
722,"""PC·스마트폰 버금가는 충격 온다""…실리콘랩스, 1조 달러 시장 정조준",IT
723,코스피 랠리가 바꾼 증권사 IT 투자…차세대보다 대외계 증설,IT
724,메모리사용량 6분의 1…삼전닉스 충격준 ‘터보퀀트’ 뭐길래,IT
725,'봄나들이' 엄마 발목 잡는 관절염…나빠지지 않게 관리 최선,IT
726,"“그 논문 좀 팔아주세요”...340년 된 英박물관, 韓교수에 눈독들인 이유는",IT
727,“평생 약 먹으란 것도 우울한데”…복제약값 부담 14년만에 줄인다,IT
728,"엔비디아·테슬라 ‘추풍낙엽’…막판 ‘트럼프 타코’, 삼전·SK하닉 살릴까",IT
729,"中, 8세대 OLED 디스플레이 설비투자 속도… 韓·日서 장비 발주 본격화",IT
730,게임업계 ‘보릿고개’에도 연봉 1억 눈앞… 대기업 수준 육박,IT
731,"SK하이닉스, ‘AI 제조 혁신’ 목표로 전액 출자… 가우스랩스 382억원 손상",IT
732,"영하60도 액체 임계점 첫 관찰…""과학 교과서 다시 써야""",IT
733,"[PLAY IT] 전용 스냅드래곤8 엘리트 5세대, '갤럭시S26 울트라'에 끼친 영향",IT
734,"""짠물 배당은 옛말""… K-게임, 자사주 수천억 원 태우며 '주주 모시기'",IT
735,고리2호기 재가동 임박…임계 전 시험 막바지 단계,IT
736,세스코 지하의 그 실험실은…‘숙적’ 생존 본능 해체의 최전선이었다,IT
737,"""물은 왜 위부터 얼까""…영하 70도서 수십년 미스터리 풀렸다 [팩플]",IT
738,물이 무거워지는 ‘4도 미스터리’ 한국이 풀었다,IT
739,희소 유전병 극복한 아기처럼... 단 한 명을 위한 치료제 시대 열린다,IT
740,[취재수첩] ‘격차’ 지킬 수 있을까… LG 올레드 TV가 마주한 시험대,IT
741,영하 60도에서 물의 비밀 풀었다… 세계 최초로 ‘액체-액체 임계점’ 관측,IT
742,영하 60도서 포착된 '물의 두 얼굴'…액체-액체 임계점 세계 첫 관측,IT
743,"POSTECH, 물 ‘액체-액체 임계점’ 존재 세계 최초로 증명",IT
744,“교과서 바꿀 획기적 발견” 韓 연구진…수백년 난제 ‘물’ 비밀 풀었다,IT
745,"포항공대, 기초과학 난제 해결…‘물의 임계점’ 세계 최초 관측",IT
746,"국내 연구진, 물의 미스터리 깼다… 세계 첫 ‘액체-액체 임계점’ 관측",IT
747,한강이 위부터 어는 데는 이유가 있다… 10년 연구가 밝힌 물의 두 얼굴,IT
748,영하 60도에서 두 가지 물 하나로→교과서 바꿀 발견 [지금은 과학],IT
749,"“영하 60도서 물의 비밀 풀렸다”…韓 연구진, 10년 만에 ‘결정적 증거’",IT
750,차가울수록 왜 가벼워지지?…'물의 비밀' 韓 연구진이 풀었다,IT
751,"세계적 난제, 한국팀이 풀었다…영하 60도서 밝혀낸 '물의 미스터리'",IT
752,영하 60도에서 드러난 물의 두 얼굴… 두 종류서 단일 액체로 변해,IT
753,물은 왜 4도에서 가장 무거울까…국내 연구진 10년 만에 풀었다,IT
754,우주에서 길 잃는 정자… 달 기지선 아이 못 낳나,IT
755,"10m 한지 두루마리 논문, 세계 最古 대학 박물관에",IT
756,우주 산업 빠르게 성장… 美서 관련 기업 주가 ‘신바람’,IT
757,"‘중복 상장 금지’ 규제에… 넷마블네오, IPO 철회",IT
758,"LG, TV 투트랙 전략… OLED 더 싸게, LCD는 고급화",IT
759,"청소년 SNS 중독 범인, 구글·메타로 결론",IT
760,"“한국 살면, 1년에 담배 300개비 강제 흡연” 놀라운 분석…끔찍한 미세먼지 탓 [지구, 뭐래?]",IT
761,"우주 경제 시대, 비상을 꿈꾼다… ‘K-라드큐브’ 아르테미스 탑승[내일은 유니콘]",IT
762,트럼프 옆 100만 팔로워 금발 女미군 정체,IT
763,빚더민데 신기술 투자? 한화솔루션 유증에 시장 반응 ‘싸늘’,IT
764,27일부터 2차 석유 최고가격…휘발유 1934원·경유 1923원·등유 1530원,IT
765,월드컵도 독점 중계?...‘시장 자율’ 한계에 정부 등판론 확산,IT
766,"삼성SDI, 피노 지분 투자…'포스코퓨처엠 JV' LFP 양극재 공급권 확보 [배터리레이다]",IT
767,"영풍, 고려아연선 반대 자사선 통과…감사위원 확대 두고 엇갈린 행보",IT
768,[단독] 박윤영호 KT 첫 행보는 '지방 구조조정'…7개 광역본부 4개로 통합,IT
769,“4시간 하면 300만원” “한달 4억도 벌었다” 한 때 BJ 난리였는데…뜻밖의 ‘결단’ 무슨 일?,IT
770,소라2 돌연 철수에 ‘당혹’…“내 영상은 어떻게?”,IT
771,이상일 용인시장 “전북표 얻으려는 팹 이전론 그만하라”,IT
772,가처분 무시한 방사청의 KDDX 직진…추가 공방 불씨,IT
773,"구글 터보퀀트에 반도체 급락…""과도한 우려"" 분석 늘어(종합)",IT
774,"청소년 SNS 중독 범인 된 메타·구글…""90억 배상하라"" 첫 평결 [팩플]",IT
775,글로벌 AI 시장 흔든 '에이전트'…국내도 1100만 돌파,IT
776,구글 신기술 '터보퀀트' 뭐길래…삼전·하닉 주가 털썩,IT
777,"쿠팡Inc, 대만에 4번째 풀필먼트센터 짓는다",IT
778,"복제약 가격, 오리지널의 53%→45%... 업계 반발에 인하 폭 축소",IT
779,"더존비즈온, 김용우 창업주 퇴진…EQT 지분 90% 확보에 상장폐지 가시화",IT
780,용인 반도체 산단 이전 논란…시민대책위 “원안 사수” 강력 선언,IT
781,"SK텔레콤, SK브로드밴드 완전자회사 편입 마무리 절차 돌입",IT
782,"더존비즈온, 창업주 퇴진… 이강수·지용구 공동대표체제 전환",IT
783,"코넥티브, AI진단부터 휴머노이드 수술 로봇까지 '새 판 짜기'…정형외과 표준 노린다",IT
784,메모리 대란에 꺾인 PC 출하량… 올해 마이너스 성장 예상,IT
785,"[현장+]게임즈 매각 카카오…정신아 ""파트너 시너지 구축""",IT
786,고혈압·당뇨 환자 약값 연 2만1000원↓…14년만에 약가개편 확정(종합),IT
787,"정재헌 SKT 대표 ""통신 점유율 40% 되찾고 주주환원 강화""",IT
788,"복제약, 53.55%→45%로 인하…14년 만에 약가제도 개편",IT
789,당뇨·혈압약 싸진다 … 年 몇만원씩 덜 낼듯,IT
790,"메타, 리얼리티랩스 또 감원…메타버스 줄이고 AI 올인",IT
791,[약가개편]혁신? 위협? 제약·바이오업계 의견 분분…외자사는 '방긋',IT
792,"[주총] ""시프트업 주가 저조"" 주주 지적에…""연내 스블2 정보 공개""",IT
793,구글판 ‘딥시크’?…삼전·닉스 주가 뒤흔든 구글 新기술 뭐길래,IT
794,"""암환자 수액 주머니도 걱정"" … 나프타 부족에 의료계 긴장",IT
795,"[약가개편] 고혈압·고지혈증·당뇨 복합환자, 年 2만1000원 아낀다",IT
796,희귀질환 치료제 100일 내 건보 등재…접근성 확대 속 재정 부담 논란,IT
797,"[주총 포커스]""빅테크와 경쟁은?주가는?""…카카오 주주들 '송곳 질문'",IT
798,"여기어때 ""판촉수단"" vs 공정위 ""업체 비용""…'쿠폰 과징금' 소송전",IT
799,KT 쇄신 본격화…임원 줄여 군살 뺀다,IT
800,"정재헌 ""올해 실적 회복할 것…AI 풀스택으로 기업가치 증명""",IT
801,“학력·경력 안 봅니다”…불붙은 AX인재 확보전,IT
802,“579억 또 빌린다” 만성적자 휘청…대형 국립병원에 대체 무슨일,IT
803,"국방 위성 텔레샛 손잡을까, 독자망 갈까…정부, 저궤도 위성통신 TF 띄웠다",IT
804,"엔씨, 사명서 '소프트' 뗐다…박병무 대표 ""게임 넘어 플랫폼·IT 확장""",IT
805,세계로 뻗는 K통신장비…광통신 앞세워 2조 수출 노린다,IT
806,"10년 복무 지역의사제, 비필수과 선택 시 수련기간 미반영",IT
807,첨단 해킹보다 무서운 '관리 부실'…2383건 보안 사고가 남긴 뼈아픈 교훈,IT
808,"""메모리 가격 상승에 올해 PC 출하량 5% 감소 전망""",IT
809,"에코프로 ""배터리 생애 주기 관리 신사업 추진""",IT
810,340년된 英박물관이 사들인 韓교수 논문,IT
811,구글판 '딥시크' 쇼크…삼성전자 개미들 '비명' 터진 까닭,IT
812,"급식도 ‘프리미엄 시대’…식품업계, 맛·AI로 차별화 승부",IT
813,"넷마블, 방준혁 의장 재선임…""게임 서비스 효율 극대화 할 것""",IT
814,학생부터 70대까지 '모두의 AI' 도전…전국민 대회 막 올라,IT
815,"""AI 때문에 실직하면 월 150만원""…美서 첫 시범 운영",IT
816,"국민성장펀드, 리벨리온에 2500억 지분투자 의결…민간 자금 포함 6000억 자본 조달 성공",IT
817,"금융보안원, ASM 공급 확대…보안 스타트업 타격 현실화",IT
818,트럼프 'AI 어벤저스' 꾸렸다...젠슨 황·저커버그 등 '민관 기술동맹' 참여,IT
819,"제이스텍 ""올해 배터리 장비 공장 2배로 증설 계획""",IT
820,"SKT, SKB 100% 완전자회사 편입 추진",IT
821,"""메모리 부족으로 올해 PC 출하량 5%↓…AI PC가 변수""",IT
822,"엔씨소프트, ‘소프트’ 떼고 ‘NC’로 새출발…이미지 쇄신할까",IT
823,"[AI는 지금] ""메모리 병목 뚫었다""…구글, '터보퀀트'로 AI 인프라 판 바꿀까",IT
824,[비즈톡톡] 설계만 하던 ARM… 왜 직접 ‘칩’까지 만들까,IT
825,"이부진 호텔신라 대표, 200억원 자사주 매입",IT
826,"MS, 한국 AI시장 본격 '태동'...""매년 30% 성장...2032년 75조 규모 전망""",IT
827,카카오 CA협의체 '헤드' 중심 슬림화…'정신아 2기' AI 대전환[only이데일리],IT
828,"토큰증권 인프라, 1티어 구조+프라이빗 블록체인 방식으로 간다",IT
829,"""AI 해커에겐 일주일도 길다""…인간만 뒤처진 '보안 전쟁' 현주소",IT
830,"가비아, 주총서 이사회 변화…얼라인 주주제안 가결",IT
831,'로드쇼의 해' 선언한 LCK…유력 우승 후보는 '젠지',IT
832,"[주총] 넷마블 김병규 ""주주가치 위해 네오 상장 철회…상법 개정안 때문 아냐""",IT
833,[모바일어플라이언스 줌인]③ 항공우주·ICT 확장…체질개선 시험대,IT
834,"'2기 체제' 맞는 정신아 카카오 대표, 주식 매입 강조한 이유",IT
835,"KT, 국내 최초 아이폰 ‘5G 단독모드’ 상용화...아이폰 17 시리즈 적용",IT
836,"넷마블, 방준혁 사내이사 재선임…경영 안정 속 AI 전환 '속도'",IT
837,"정신아 카카오 대표 연임…""올해 매출 10% 성장·이익률 10% 목표""",IT
838,"[주총 포커스] SKT 정재헌 ""실적·주주 친화 정책 회복할 것""",IT
839,"LG유플러스, 8월까지 유심 1370만장 확보…IMSI 허점 대책 연내 마무리 [only 이데일리]",IT
840,"""AI 낯설었던 70대도 어느새 유튜버""…모두의 AI 첫발 뗐다",IT
841,"파두 ""SSD 컨트롤러로 매출 확대…흑자 전환 가시권""",IT
842,"현대오토에버, 모빌리티 테크 고도화…대외 B2B 영토 확장 ‘초읽기’",IT
843,"휴머노이드 로봇, 백악관 가다…멜라니아와 포즈",IT
844,[디지털라이프] SK인텔릭스 '나무엑스' 생산 기지 가보니…“에이전틱 AI 고도화”,IT
845,"지능형 홈 확산, 3년째 제자리걸음",IT
846,"이노와이어리스, 'LIG아큐버' 새 출발…통신 넘어 AI·방산 사업 확장",IT
847,"[홈&테크]필터 비닐 안 벗기니 TVOC급증…LG전자, AI 공기청정기 M7이 보낸 '정직한' 경고",IT
848,"LG유플러스, 유심 교체 물량 확보…8월까지 전 가입자 대응 목표",IT
849,"SK텔레콤, 정재헌호 출항… 통신사서 AI컴퍼니로",IT
850,"""삼성 300조 반도체 초격차 사수""…용인 반도체 산단사수 대책위, 원안 추진 촉구",IT
851,"SKT, 흔들린 1위 위상 회복한다…AI풀스택·점유율40% 목표(종합)",IT
852,"정부, 27일 석유 최고가격제 상향조정…유류세 인하",IT
853,"카카오 '정신아 2기'... ""계열사 줄이기 마무리, 카톡 AI 서비스 집중""",IT
854,AI 전력난 구원투수 등판 LG엔솔…북미 ESS 생태계 주도권 굳힌다,IT
855,"신성이엔지, 주주가치 제고 강화…액면병합 결의⋅이사 보수 삭감",IT
856,"고려아연 외인·기관·소액주주 표심, 현 경영진에 무게 실어",IT
857,"""K뷰티·기념품 없는 게 없네""...올리브영 ‘센트럴 명동 타운’ 가보니",IT
858,"구글 '터보퀀트' 뭐길래...삼전닉스 위기? ""오히려 수요 커진다"" 시각도",IT
859,LCK 정규시즌 임박…9팀이 꼽은 우승후보는 '젠지',IT
860,SKT 정재헌 체제 출범…가입자 순증·점유율 40% 회복 총력,IT
861,"OLED 더 싸게, LCD 더 좋게...LG전자, TV 수익성 극대화 나선다",IT
862,"日 라인야후로 주인 바뀌는 카카오게임즈…""신작 출시 일정은 계획대로""",IT
863,"스웨덴 스톡홀름까지 날아간 최수연 네이버 대표, 왜? [아이티라떼]",IT
864,"MS “AI 도입은 끝, 이제 ‘프런티어’ 재설계 시대… 운영 방식 바꿔라”",IT
865,"10m 한지 두루마리에 쓴 박사논문, 세계 최고 박물관에 전시",IT
866,"SKT, 1.7조 비과세 배당재원 확보…“올해 회복이 우선”",IT
867,"SKT ""글로벌 AI 기업과 협력 지속...사외이사도 AI 전문가로""(종합)",IT
868,캐시카우는 탄탄한데 주가는 횡보…시프트업 “올해 신작 정보 공개”,IT
869,"엔씨소프트→엔씨 사명변경 완료… 박병무 ""약속이 성과로 실현될 것""",IT
870,"한화솔루션, 2.4조 유증 추진…""재무 개선·신기술 선점 위해 불가피""",IT
871,"""네이버 버리고 카카오 잡았다""…라인야후, 카카오게임즈 인수 배경은?",IT
872,한국인이 쓴 ‘10m 한지 두루마리’ 박사 논문… 英 대학 박물관 영구 소장,IT
873,구글의 ‘터보 퀀트’가 뭐길래... 삼성전자·하이닉스 주가 폭락,IT
874,"삼성전자, '삼성 브라우저' PC 버전 정식 출시…""에이전틱 AI 탑재""",IT
875,‘AI 콘텐츠 팜’ 3006개가 ‘찌꺼기’ 쏟아내며 인터넷 오염... 인간이 만든 콘텐츠에 ‘프리미엄’ 붙는다,IT
876,사측은 ‘성장’ 노조는 “꼬리 자르기”…카카오 주총 안팎 온도차 ‘극명’,IT
877,미국·이란 전쟁 시작은 2월 28일이 아니다,IT
878,헬리코박터 제균치료 받으면 끝?…이 생활하면 위암 발생률↑,IT
879,"카카오게임즈, 라인야후 품으로…""신작 출시·기존 경영체계 유지""",IT
880,"“SNS 많이 한 14세, 또래보다 단어 뜻 몰랐다”…SNS 할수록 어휘력·집중력 향상 늦어",IT
881,"스페이스X 상장 앞두고, 美 우주 기업 주식 급등",IT
882,"LG CNS, 하드웨어부터 RFM·맞춤 훈련까지…일 잘하는 로봇 만든다",IT
883,"SKT, 주주 달래기 나섰다... 1.7조원 비과세 배당 재원 마련",IT
884,"송호준 에코프로 대표 ""헝가리 공장, 고객사 수주 논의 중…LFP 투자는 신중""",IT
885,"[단독] 오픈AI, 韓 은퇴 세대 품는다…어버이날 '깜짝 행사'",IT
886,"넷마블, 넷마블네오 완전자회사 편입…“중복상장 논란 선제 차단”",IT
887,"엔씨소프트, ‘엔씨’로 사명 변경… 박병무 대표 “체질 개선 성과 실현 단계 진입”",IT
888,"[혁신기업] MMO 개발 명가 라이온하트 스튜디오, 글로벌 겨냥한 신작 쏟아낸다",IT
889,"[AI는 지금] 삼성 브라우저 올라탄 퍼플렉시티, AI 검색 주도권 잡을까",IT
890,"AI 인프라 허브로 부상한 인도…재벌 아다니, 메타·구글과 협력 모색",IT
891,"[현장] MS 부사장 ""챗봇 도입이 능사 아냐…조직 운영부터 AI 중심 설계해야""",IT
892,나스미디어 “OTT 이용자 10명 중 6명은 광고형 요금제 구독”,IT
893,"'엔씨(NC)'로 사명 바꾼 엔씨소프트, 브랜드 리뉴얼 마무리",IT
894,"'연구소 회동'한 배터리 3社 CEO…""해답 찾으러""",IT
895,"'정신아 2기' 카카오, AI 중심 사업재편 속도전(종합)",IT
896,"조원우 한국MS 대표 ""AX 실험 단계는 끝…성과로 연결해야""",IT
897,"SK바이오팜, 중국서 뇌전증 신약 ‘세노바메이트’ 공식 출시",IT
898,"SKT 최근 주가 강세에… 정재헌 ""앤트로픽 기대, AI 사업 다방면 검토""",IT
899,"김형태 시프트업 대표 ""연내 '스텔라 블레이드2' 정보 공개…기대감 키울 것""",IT
900,"세탁건조기가 1순위…삼성전자, 신혼가전시장 판 바꾼다",IT
901,"'재선임' 정신아 카카오 대표 ""주가 부진, 막중한 책임감 느껴""",IT
902,"SKT, 무선 점유율 40% 회복 목표…주주환원도 강화",IT
903,"LS, “투자여력 충분…중복상장은 정부 지침 이행”",IT
904,한상우 카카오게임즈 대표 “라인야후와 큰 전략적 방향 협의 마쳐…올해까지 현 체제 유지”,IT
905,"SKC, 김종우 체제 출범…1조 실탄 들고 유리기판 승부수",IT
906,카카오 정신아 2기 개막···“올해 AI·카톡으로 매출 10% 키울 것”,IT
907,"전력·인허가에 묶인 AI 인프라…데이터센터 특별법, 규제 완화 속도낸다",IT
908,"[주총]라인야후에 넘어간 카카오게임즈…한상우 ""전략적 방향성 합의 마쳐""",IT
909,"국내 게임 업계 돈줄 마른다... 넷마블네오, 정부 ‘중복 상장 금지 압박’ 이후 게임 업계 첫 IPO 포기",IT
910,"시프트업, 최대 실적에도 주가 부진…김형태 대표 ""차기작으로 반등""",IT
911,갤럭시 버즈4 판매 10만대 돌파…갤S26와 동반 흥행 몰이,IT
912,"배송 로봇, 도심 한복판서 ‘충돌’…반복 사고에 안전성 논란",IT
913,"SK하이닉스 ""올해도 HBM 출하량 견조…HBM4E 샘플 연내 개발""",IT
914,“호르몬 문제 아니다”…여성이 남성보다 성욕 낮은 이유,IT
915,"나라스페이스, ‘K-초소형 군집위성 시대’ 개막 정조준[내일은 유니콘]",IT
916,"구광모 ""AI 전환, 경영진 주도로 작은 거라도 빠르게 실행을""",IT
917,"[주총] 카카오에 97분간 쏟아진 주주 질타…정신아 ""카톡·AI로 정면 돌파""(종합)",IT
918,"감액배당 실탄 채운 SKT…정재헌 ""실적 회복해 주주환원 추진""",IT
919,"갤럭시폰 넘어 PC로...삼성 브라우저, PC 버전 공식 출시",IT
920,"“69분 만에 세탁·건조 끝”… 삼성전자, 세탁건조기 신제품 출시",IT
921,"'정신아호 2기' AI·카카오톡 박차…""수익화 모델로 주가 부양""(종합)",IT
922,"""이 글 이재용 회장님 보셨으면""…BTS 공연, 삼성 갤S26 울트라 '콘서트폰' 입증 [영상]",IT
923,홍합 접착단백질 활용해 3시간만에 방사성 물질 95% 제거,IT
924,"MS ""韓 AI 시장 규모 2032년 500억 달러…글로벌 허브될 것""",IT
925,'구매 전환율 28%' 파격… 현대백화점 AI ‘헤이디’가 바꾼 쇼핑 풍경,IT
926,"SK바이오팜, 자체 개발 뇌전증 치료제 중국 시장서 첫 처방 개시",IT
927,"엔켐, CATL 중국향 물량 본격 공급 준비",IT
928,"올인원 세탁건조기 ‘압도적 1위’ 자부…삼성, 웨딩 스토어·구독으로 신혼시장 락인",IT
929,"SK바이오팜, 뇌전증 신약 ‘세노바메이트’ 중국 출시",IT
930,"넷마블 김병규 대표 ""넷마블네오 편입, 주주 이익 고려해 결정""",IT
931,"파두 ""올해 반드시 흑자 전환…유상증자 계획 없어""",IT
932,"‘한국, AI 모멘텀 강력’...MS, AI 투어 서울 개최하고 고객사 유치 나서",IT
933,"SKT 정재헌 CEO ""시장 점유율 40% 회복…AI 야심차게 추진""(종합)",IT
934,"정재헌 SKT ""가입자 순증·점유율 40% 회복 목표""",IT
935,"뉴섬, 머스크 작심 비판 ""이 시대 에디슨이자 가장 실망스러운 인물""",IT
936,행성끼리 ‘꽝’…우주 충돌 사고 포착 [우주를 보다],IT
937,"[주총] ""예전의 카카오 아니야""…정신아 ""카나나·챗GPT로 AI 수익화""",IT
938,"세탁건조기, 신혼가전 ‘1순위’로…임성택 삼성 “비스포크 AI 콤보, 시장 바꿨다”",IT
939,"""하이닉스 잘되는데 왜""…SK 소액주주, 주총서 주가 저평가 성토",IT
940,"명노현 LS ""중복상장 없이도 항후 3년 투자금 조달 가능""",IT
941,"[주총] ""삼성은 칭찬받는데..."" 주주 질타에 카카오 정신아 ""임기 내 주식 매도 없다""",IT
942,"MS, 한국 AI 시장 75조원 전망…""실험 넘어 '프론티어 전환'""",IT
943,“강철보다 강도 2배” 무게는 1/4 불과…거미줄 닮은 초강력섬유 나왔다,IT
944,"“부장님이 보내셨나?”…수상한 ‘업무통지’ 메일, 클릭했다 큰코",IT
945,"카카오 정신아 연임 ""'카나나 연구소' 오픈…피드백 수용 창구""",IT
946,"[주총]엔씨, '소프트' 떼고 새출발…박병무 대표 ""고성장 국면 진입""",IT
947,"엔씨소프트→엔씨로 사명 변경…박병무 대표 ""게임 개발만 하지 않겠다""",IT
948,"[현장]SKT 정재헌 사장 ""시장 평가 달라졌다… AI 풀스택 기대감이 주가 견인""",IT
949,"""1등의 편안함 버렸다"" 정재헌 SKT 대표 ""가입자 순증 목표""(종합)",IT
950,"카카오, 정신아 체제 연장…게임 내려놓고 '선택과 집중' 강화",IT
951,"""카카오 주가는 언제 회복할까요""…카카오 주총장에서 주가 부양 요구",IT
952,"민형배·주철현, 정책 연대 선언…""전남 동부권 산업 대전환""",IT
953,"넷마블, 네오 상장 접고 100% 자회사로…""주주가치 고려""",IT
954,"카카오 정신아호 2기 출범…""올해 AI·카톡으로 10% 성장 목표""",IT
955,"정재헌 SKT 사장 ""올해 핵심 목표는 '회복'…무선시장 점유율 40% 복구 노력""",IT
956,KT 핵심임원 다 바꾼다…‘박윤영호’ 인적 쇄신,IT
957,"대웅 ""우루사 UDCA, 위암 수술 후 담석 위험 최대 67% 낮춰""",IT
958,"라인야후로 최대주주 바뀌는 카카오게임즈…""기존 기조 유지가 최우선""",IT
959,"""사명 '엔씨'로 변경""…엔씨소프트, 주총서 확정",IT
960,10m한지 두루마리 논문…英박물관이 영구 소장,IT
961,"SKT 정재헌 ""신뢰 확보하겠다…올해 고객 순증 목표""",IT
962,"SK텔레콤, 업계 첫 비과세배당 실시…""신뢰 회복·주주친화 집중""",IT
963,카카오 정신아 대표 연임 확정…'AI사업 속도전' 강조,IT
964,강남에 18층 빌딩 올리는 KT…부지 확보에만 1800억 투자,IT
965,"[주총] ﻿주주환원 효과 제고⋯SKT, 비과세 배당 안건 승인",IT
966,"고위 경영진에 ‘대규모 보상’ 내건 메타, 메타버스 사업부는 추가 감원",IT
967,"""AI 성능 4배 점프"" 인텔, 차세대 비즈니스 PC용 코어 울트라 시리즈 3 출격",IT
968,"최수연 네이버 대표, 스포티파이 경영진 만났다",IT
969,"SK텔레콤, 비과세 배당 ‘1조7000억’ 마련",IT
970,구글 '터보퀀트' 기술 공개로 메모리 수요 향방 논쟁 '활활',IT
971,스페이스X IPO 기대감에 미국 우주항공주 급등,IT
972,"'정신아 2기' 카카오 출범…""에이전틱 AI로 카톡 체류시간 20%↑""",IT
973,"감기약 옆에 웬 위장약?…복지부-의협 ""관행적 세트 처방 막기로""",IT
974,"'선택과 집중' 강화하는 정신아號 카카오 ""매출 10% 성장 목표""",IT
975,"""방향성 협의 마쳤다""…라인야후 체제 앞둔 카카오게임즈, 경영 변화는 '신중' 모드",IT
976,"[주총 포커스] 넷마블 김병규 ""네오 상장보다 일원화가 주주에 이익""",IT
977,"한상우 카겜 대표 ""라인야후, 사업기조 크게 흔들진 않을 것""",IT
978,"엔씨소프트, ‘엔씨’로 새출발…정기 주주총회 개최",IT
979,"신입도 사장님도 ""이건 배워야돼""…기업교육 시장 '확 달라졌다' [인터뷰]",IT
980,"'1주년' 네이버 AI 브리핑, 올해만 9번 업데이트…'관련질문' 클릭 6배↑",IT
981,"SKT 정재헌 CEO ""고객 신뢰 확보로 올해 순증 목표""",IT
982,"[주총] 정재헌 체제 SKT, '글로벌 AI 컴퍼니' 실행력 높인다(종합)",IT
983,"엔씨소프트, 주총서 사명 '엔씨'로 변경 확정",IT
984,"유종상 툴젠 대표 “크리스퍼 카스9 특허전, 하반기 본게임…3자합의 압박 커질 것”",IT
985,"24시간→3시간, 홍합 모사 코팅제…‘방사성 세슘’ 신속 제거",IT
986,전장에서 황금알을 낳는 팔란티어 AI [AI와 함께하는 세상],IT
987,'오늘 삼전닉스 왜 이래'…'구글' 신기술 등장에 '급락',IT
988,“SKT 핵심 과제는 점유율 40% 탈환”,IT
989,‘AI 에이전트’ 전면에 내세우는 네이버·카카오,IT
990,"큐렉소, 인공관절 수술로봇 美 FDA 승인 획득 ... 미국 진출 본격화",IT
991,투썸플레이스 ‘생크림 커피’ 2주 만에 30만 잔 팔려,IT
992,"""내 번호 어떻게 알았지?""…선거문자 출처 숨긴 후보자 처벌 대상",IT
993,"감액배당 결정 SK텔레콤, '세금 없는 주주환원' 시동",IT
994,"""화성에 루비·사파이어 숨겨져 있을 수도"" [우주로 간다]",IT
995,"10미터 한지 두루마리 박사논문, 340년 된 英 박물관 영구 소장품으로",IT
996,"""안드로이드 비싸질 때 동결로 버텼다""… 애플, 中 아이폰17 앞세워 역습 성공",IT
997,"시프트업, 실적 우상향에도 주가는 반토막… “기다려달라” 원론적 답변에 주주들 한숨",IT
998,"""덩치는 10분의 1, 성능은 더 강력""… 애플, 온디바이스 AI '모바일 클립' 발표",IT
999,"[주총 포커스]카카오게임즈 한상우 ""대주주 변경, 큰 틀 협의 마쳤다""",IT
1000,"애플, '비전 프로' 기밀 유출 전직 엔지니어와 합의…기술 방어 총력",IT
1001,'공중제비 로봇은 필요 없다'… 리비안 CEO의 로봇 공습에 5억달러 유치,IT
1002,"중증 대동맥판막협착증, 증상 없어도 빨리 수술해야 오래 산다",IT
1003,"‘10년 OLED 임상 데이터’가 격차…LG전자, 소니-TCL·삼성 공세에도 자신감",IT
1004,"SKT, 비과세 배당 ‘1조7000억’ 마련…올해 말부터 활용",IT
1005,'50% 점유율' 사수 나선 LG전자…“넥스트 OLED로 세대 교체”,IT
1006,"삼성, 차차세대 엑시노스 '뱅가드' 연내 설계 목표…2나노 고도화 지속",IT
1007,"류석문 현대오토에버 대표 “로봇 SI 사업, 대외영역까지 계획 중”",IT
1008,라인야후 품에 안긴 카카오게임즈…한상우 “올해 론칭까지 현 체제 유지”,IT
1009,"'엔씨'로 새 출발…박병무 대표 ""성장, 결과로 말씀드리겠다""",IT
1010,인텔·AMD CPU 수요 폭증에 공급 지연…PC 가격 '인상' 공급 '깜깜',IT
1011,"KLA, 4년 후 매출 2배 성장 제시…“첨단 반도체 검사·계측 수요 확대”",IT
1012,"MS “韓, 글로벌 AI 허브…지능형 에이전트 설루션으로 국내 기업 AI 혁신 도울 것”",IT
1013,왜 트럼프는 뉴욕증시 개장 시간에 중요 소식 발표하나,IT
1014,오픈AI '소라' 중단되자 머스크 '꿈틀'…AI 영상에 승부수 띄웠다,IT
1015,"카카오게임즈 CEO ""최대주주 변경에도 신작 출시·경영 전략 변화 없다""(종합)",IT
1016,"[단독] ""나프타 끊기면 수술·항암도 차질""… 정부·수액 3사 '수급 비상' 대응",IT
1017,"글로벌 IB ""실적↑ 목표가 36만원""…크래프톤, 2% 상승 [핫종목]",IT
1018,"LS전선·에코에너지, 세계 희토류 2위 라이너스와 동맹 …탈중국 공급망 구축",IT
1019,"""TV로 유튜브·OTT 보는 10~40대""…실시간 채널 시청보다 앞섰다",IT
1020,NHN 정우진 4연임…결제·클라우드 웃었지만 게임은 숙제,IT
1021,"[현장] 국민은행 ""올해 AI 에이전트 100여개 도입…고객 경험·서비스 강화""",IT
1022,"대웅제약 ""우루사 성분, 위암수술 후 담석위험 최대 67% 낮춰""",IT
1023,한상우 카카오게임즈 대표 “신작 성공이 최우선”... 지배구조 변화 속 '체제 유지',IT
1024,"뼈 건강의 핵심은 ‘균형’…약해진 뼈대, 세심하게 수선하고 관리해야",IT
1025,뉴스 댓글 되살린 다음…AI 기반 '3중 검증'으로 좌표찍기 막는다,IT
1026,"“여보, 로망스다리 안 가도 되겠어”…데이터가 찾은 우리 동네 ‘핑크빛 낙원’",IT
1027,"LG전자 ""1분기 TV 사업, 전년비 개선 전망""",IT
1028,"올레드 대중화·LCD 고급화… LG전자, 올해 TV 사업 수익성 개선 ‘사활’",IT
1029,"LG 올레드 TV, 무게 절반 줄이고 AI로 더 똑똑해졌다",IT
1030,공기 속 이산화탄소로 만든 맥주 나왔다,IT
1031,"'라인야후에 인수' 카카오게임즈 CEO ""전략적 방향 협의 마쳐""(종합)",IT
1032,"'옥스퍼드 만점' 한국인이 쓴 10m 한지 논문, 英박물관이 영구 소장",IT
1033,KT 핵심 임원 다 바꾼다…‘박윤영호’ 인적 쇄신,IT
1034,"[AI 리더스] ""범용 AI 한계 넘는다""...월드모델 노린 이홍락, LG '엑사원'으로 산업 판 흔들까",IT
1035,"GIST, 빛으로 유해가스 감지하는 고감도 센서 개발",IT
1036,"삼성디스플레이, 모니터용 저반사·고강도 필름 ‘퀀텀 블랙’ 개발",IT
1037,"AI에 수백조 쏟는 메타, 직원 수백 명 자른다",IT
1038,"GIST, 눈에 보이는 빛으로 유해가스 감지…고감도 센서 개발",IT
1039,"삼성, 에이전틱 AI 더한 '삼성 브라우저' PC버전 정식 출시",IT
1040,"LG유플러스, 전 사업장 차량 10부제 도입",IT
1041,"애플, 구글 두뇌 빌려 '나만의 시리' 만든다…제미나이 '완전 접근권' 확보",IT
1042,배경훈 부총리 재산 43억7141만원…채무 줄어 2억 늘어,IT
1043,전쟁 끝나나…미·이란 협상 기대감에 금값 들썩,IT
1044,‘대기업·플랫폼 해킹→피싱’ 연결 고리 데이터로 나왔다,IT
1045,[2026 재산공개] 배경훈 부총리 재산 43억 신고… 구혁채 1차관 과기부 장차관 중 유일 다주택자,IT
1046,러시아판 스타링크 ‘라스베트’ 뜬다…위성 16기 첫 발사,IT
1047,"메타·구글, ‘SNS 중독’ 소송서 패소… 약 90억원 배상 평결",IT
1048,"빛 반사 잡고 내구성 높였다…삼성디스플레이, QD-OLED 모니터용 퀀텀블랙 개발",IT
1049,"'통합 AI 에이전트' 강조한 네이버…""'챗GPT 흉내' 대신 플랫폼 전환""",IT
1050,넥슨 ‘낙원’ 닷새간 28만 명 누볐다…글로벌 비율 58%,IT
1051,[주총] 게임업계 주총 시즌 돌입…임기 이어가는 경영진들,IT
1052,AI 시대의 '석유'…토큰이 뭐길래,IT
1053,"삼성전자, ‘삼성 브라우저’ PC 버전 출시…퍼플렉시티 손잡고 AI 진화",IT
1054,아이폰도 ‘진짜 5G’…KT 국내 최초 아이폰 5G SA 상용화,IT
1055,"MS, AI 전환 속도전…다양성 책임자 퇴사로 조직 재편 가속",IT
1056,"넷마블, 넷마블네오 상장 중단…‘100%’ 자회사 편입",IT
1057,[미장브리핑] 미국-이란 고위급 회담 추진…증시 상승 마감,IT
1058,[오리진] 개는 농업 탄생 전부터 같이 있었다,IT
1059,"트럼프, 빅테크 수장들에 AI정책 자문받는다[글로벌AI브리핑]",IT
1060,"'재주는 게임사, 돈은 구글·애플'…K게임의 그림자",IT
1061,"이게 '접는 아이폰' 대항마…갤럭시Z 와이드 폴드, 렌더링 공개",IT
1062,"네이버·두나무 합병 '지분 제한' 움직임에 학계선 ""위헌 소지""",IT
1063,"""한국, AI 핵심국""…SKT '다크호스'로 지목",IT
1064,"LGU+, 유심 초기물량 577만장 확보…8월 교체 마무리 목표",IT
1065,RNA·바이오시밀러·ADC…모멘텀 살아난 K바이오[바이오맥짚기],IT
1066,[1분건강] 봄이면 유독 졸린 이유…가벼운 유산소 운동 도움,IT
1067,"카카오모빌리티, 로봇 생태계 확장…가동률 8배 개선해 상용화 박차",IT
1068,"팀 쿡 CEO ""아이폰 덜 쓰라""…애플 지도엔 광고 도입 추진[모닝폰]",IT
1069,[주총] 넥슨 이정헌 대표 연임…쇠더룬드와 '투톱 체제' 본격화,IT
1070,"“SNS 중독되게 설계” 메타·구글, 44억원 배상 평결",IT
1071,환율·국채금리 동반 상승…중동 불확실성 고조에 금융시장 긴장,IT
1072,"AI 기업 마키나락스, 코스닥 IPO 절차 돌입",IT
1073,"""한국, AI 핵심국""…SKT 다크호스 급부상",IT
1074,"하반기 출격 '갤럭시Z폴드 8', 충전 시간 확 줄인다 [1일IT템]",IT
1075,이미 완성형이었던 갤폴드7…후속작 '갤폴드8'은 어떨까,IT
1076,"IBK기업은행, 디지털뱅킹 리빌딩 1단계 착수…유닉스 벗고 리눅스·AI 플랫폼 전환",IT
1077,"LGU+, 유심 교체 초기물량 577만장 확보…8월 마무리 목표",IT
1078,"[AI 비서 시대]①카카오툴즈, 대화로 추천까지 OK…결제까지 원스톱은 NO",IT
1079,"""배차 성공률 공공 개방"" 법 시동…업계 ""영업기밀 노출우려""",IT
1080,"[인터뷰] ""이젠 SW가 아닌 '일'을 판다""…노션, AI 시대 전략 제시",IT
1081,"넥써쓰, 게임사 틀 깨고 블록체인 공룡으로 도약",IT
1082,"“10명 중 7명 울트라”…갤럭시 S26, 퀄컴이 판 갈랐다",IT
1083,美 AT&T 5년간 373조 쏟아붓는데... 통신 3사 AI ‘부업’ 집중하다가 통신 ‘본업’ 놓친다,IT
1084,롤렉스 15년 장인 경험에 AI 결합…중고시계 시장 판 흔든다,IT
1085,"""수십조 매출인데, 해킹 증거 인멸 벌금 5000만원 무서울까?""",IT
1086,"""개발은 AI가, 인간은 설계만""…네카오·오픈AI도 주목한 '랄프톤' 뭐길래",IT
1087,"사탕무 한 스푼의 마법, '골칫덩이' 폐천막을 황금 자원으로 [언박싱 연구실]",IT
1088,"‘5타석 5홈런’ KAIST 창업왕…“키울땐 짠물경영, 키우면 전문경영이 비결”",IT
1089,"카카오, 카카오게임즈 지분 팔았다…AI 재편 속 '라인야후' 변수 커져",IT
1090,'방송만? 통신까지?' 최민희·김현 진흥원 법안 발의…협단체 셈법 복잡,IT
1091,"동물원 펭귄, 야생보다 오래 살지만 ‘가속 노화’…남 얘기 아니네!",IT
1092,"[단독] 공정위, ‘NXT의 스타트업 기술 탈취 의혹’ 조사",IT
1093,"한국IBM “금융 AI, 속도보다 신뢰…거버넌스가 AX 성패 가른다”",IT
1094,번호이동 대란 '찻잔 속 태풍'… 이통3사 점유율 변화 미미,IT
1095,다 보이던 BTS 멤버가 하얀 점으로...800m 거리서 찍은 폰 영상 '깜짝',IT
1096,“이젠 안 쓰는 사람이 소수”…설치율 87% 찍은 ‘이 앱’ 대체 뭐길래,IT
1097,[리뷰]낫싱 ‘폰 4a’… 스마트폰 본질만 남기고 가격 거품 뺀 매력적인 중급기,IT
1098,카메라에 힘 준 신작… ‘디카’에 스마트폰 넣은 줄,IT
1099,음성 대신 뇌파·입 모양으로… AI에 명령 내린다,IT
1100,"반도체 설계 IP기업 ARM, 자체 칩 판매 나선다",IT
1101,"25년 만에 해외 증시 재도전… SK하이닉스, 美 상장 착수",IT
1102,"‘AI 집중’ 카카오, 카카오게임즈까지 판다",IT
1103,[재산공개] 오유경 식약처장 96억 신고…주식 수익 등으로 12억 증가,IT
1104,[재산공개]배경훈 부총리 재산 43억…NIA 원장은 65억,IT
1105,[재산공개]100억대 주식부자 DGIST 총장…총 재산 209억,IT
1106,배경훈 과기정통부 장관 재산 43억원…똘똘한 한 채 보유,IT
1107,[재산공개] 정은경 장관 57억 신고…오유경 식약처장은 96억,IT
1108,"NASA, 달 기지로 전략 전환…게이트웨이 접고 '속도전·민간 경쟁' 체제",IT
1109,"마키나락스, 5월 코스닥 상장…“피지컬 AI 글로벌 리더 목표”",IT
1110,자본잠식 ‘라인게임즈’ 구하기…카겜 합병하면 우회상장 효과,IT
1111,"“하루 1대도 안 팔려” 망한 줄 알았는데 대반전, 갑자기 무슨 일이…삼성까지 위협",IT
1112,"'낸드 3총사' 키옥시아·샌디스크·솔리다임, 난야에 공동 투자",IT
1113,"""美스포츠는 이미 'AI 실시간 활용'…완전히 달라졌다"" [인터뷰]",IT
1114,[카드뉴스] 손바닥만 한 고등어와 비싸진 가격의 비밀,IT
1115,"그들은 왜 AI 버블 붕괴를 확신하나... ""공포 조장 아니라 논리이자 역사 패턴"" [이영태의 초점]",IT
1116,"인텔리빅스, 코스닥 예심 청구…흑자 기반 일반상장 승부수",IT
1117,"“커다란 눈, 높은 코, 갸름한 턱… 비현실적 외모” 식상하다 했더니 ‘충격’ 반전",IT
1118,카카오게임즈 경영권 매각…새 주인은 라인야후,IT
1119,해킹공포 커진 AI 시대…양자컴도 못 뚫는 ‘양자내성암호’ [테크언커버드],IT
1120,"[거버넌스 리빌딩] 유영상 전진배치 SK스퀘어, AI·반도체 투자 가속",IT
1121,"카카오가 내려놓은 카카오게임즈, 라인야후가 집은 이유",IT
1122,"넷마블, 넷마블네오 상장 철회…100% 자회사로 편입",IT
1123,"AI 스타트업 마누스, '탈중국' 전략 실패하나...""임원 출국 제한""",IT
1124,"넷마블, 넷마블네오 상장 중단…완전자회사 편입",IT
1125,“밥값 계산해야 하는데” 점심 시간 삼성페이 결제 오류…이유는?,IT
1126,"미군 이란 공습에 AI 투입…팔란티어 CTO ""현대 전쟁 전환점""",IT
1127,"디지털자산법 지연에… 野 ""과세 폐지"" 학계 ""지분규제 위헌""",IT
1128,"""플레이할수록 재미있는 걸작""… 붉은사막 300만장 팔렸다",IT
1129,"'붉은사막' 300만장 돌파 효과…펄어비스, 하루만에 주가 23% '급등'",IT
1130,'게임 사업'서 한발 물러난 카카오… AI·플랫폼에 힘 쏟는다,IT
1131,"넷마블, 넷마블네오 상장 대신 '완전자회사' 택했다",IT
1132,"넷마블, 핵심 개발사 넷마블네오 상장 철회…100% 자회사로 편입",IT
1133,"美 앤두릴·팔란티어, ‘골든 돔’ 방공망 SW 개발 착수",IT
1134,"SK하이닉스, 25년만에 해외 증시 문 다시 두드린다...반도체로 ‘금의환향’",IT
1135,은퇴과학자 10만명 시대...‘연구자 예비군’ 만들어 글로벌 패권 잡자,IT
1136,"[DD퇴근길] 게임 덜어내는 카카오, 라인야후 협력 물꼬 텄다",IT
1137,"[단독] “임원이 이렇게 많을 필요 있나”…새 대표체제, 최대 20명 줄인다는 KT",IT
1138,AI 올인하는 카카오…카카오게임즈 라인야후에 매각[팩플],IT
1139,2034년 3조원 시장 열린다…우주잔해 제거기술 선점 경쟁,IT
1140,‘전력 직접거래’ 특례 담은 AI 데이터센터 특별법 국회 법안소위 통과… 비수도권 분산 물꼬 트나,IT
1141,떠도는 폐위성·파편 수만개…재사용 가능한 ‘우주 청소부’ 만든다,IT
1142,'나혼렙' 넷마블네오 상장 철회…넷마블 완전자회사 편입,IT
1143,“벌써 23% ‘급등’…샀어야 했다” 300만장 돌파한 ‘이 게임’ 때문에 난리라는데,IT
1144,1g만 소멸해도 핵폭탄급 에너지 뿜는 '반물질' 트럭으로 옮겼다,IT
1145,"8년새 매출 70배…마키나락스, 코스닥 상장 신호탄",IT
1146,적자회사 카겜 파격인수 왜? 속내는 '라인게임즈' 구하기,IT
1147,"""점심시간 결제량 몰려서""…삼성월렛 오류, 원인은 '트래픽 증가'(종합)",IT
1148,"“시총 9조달러 되면 스톡옵션 쏜다”…저커버그, 경영진에 ‘파격 보상’ 내걸어",IT
1149,"[앱마켓 수수료 인하]⑤ 4213억 내는 크래프톤, '인도'가 승부수",IT
1150,"넷마블, 자회사 '넷마블네오' 100% 편입…중복 상장 우려 차단",IT
1151,"‘자회사 상장 불가능’…넷마블, 넷마블네오 자회사로 편입",IT
1152,"""고려아연, 적대적M&A 방어 가치훼손 단정 안 돼""...류영재, 연기금·사모펀드 협공에 일침",IT
1153,"이영진 전 헌법재판관 ""가상자산 거래소 지분제한, 민주적 기본질서에 반해""",IT
1154,"네이버·두나무 합병 본격화…""대주주 지분 제한 위헌 소지""",IT
1155,[유미's 픽] 'AI G3' 외치지만 실무 인력 태부족…인력난 해결 '절실',IT
1156,[카카오게임즈 새판]③ 3000억 실탄 확보…재편 이후 전략은,IT
1157,"권영식 이끄는 넷마블네오, IPO 추진 중단…넷마블 완전자회사로",IT
1158,창업 5전5승 비결은 '짠물경영'이죠,IT
1159,"1조원 투입해 주가 부양… 크래프톤, ‘김창한 3기’ 닻 올렸다",IT
1160,"팔란티어 CTO ""이란 전쟁은 최초의 ‘AI 전쟁’…걸프전 때 6개월 걸리던 일 2주 만에""",IT
1161,"K-바이오, 내달 암학회서 항암제 연구 성과 공개...기술이전 기대",IT
1162,"NASA, '루나 게이트웨이' 건설 멈춘다…'달 표면 기지' 우선",IT
1163,"한미반도체, 세미콘 차이나서 2.5D TC 본더 첫 전시",IT
1164,"성장세 이어간 IT서비스 대기업들, AX 시장 선점 나서",IT
1165,"스타링크 공공 도입 빨라진다…어선은 본격화, 산불망은 제도 숙제",IT
1166,"[르포]최신폰 갤S26이 60만원? ""출시 한달만에 지원금 50만원으로 껑충""",IT
1167,"BPS, 갤럭시 S26 울트라 충전기 양산…'60W 초고속·초저전력'",IT
1168,"당정 기본법 지연되자…야권 ‘과세 폐지’, 학계 ‘지분 규제 위헌 경고’ [크립토브리핑]",IT
1169,"웹젠, 배당·자사주 소각 900억 주주환원…시총 20% 수준",IT
1170,"[주총 포커스]SK스퀘어 김정규 ""하이닉스 美 상장, 재평가 기회""",IT
1171,"10년의 동행, 40분만에 이별…주인 바뀐 카카오게임즈 운명은",IT
1172,넥슨 '메이플 주역' 강원기 본부장 퇴사…확률 논란 책임,IT
1173,"""5년 내 시총 6배 올려라""…'역대급 보상' 승부수",IT
1174,"""붉며든다""…펄어비스 ‘붉은사막’ 순항에 주가 상한가 근접 ‘반전’",IT
1175,[카카오게임즈 새판]② 왜 지금 바뀌나…부진한 실적이 남긴 과제,IT
1176,"성균관대 연구팀, 양자컴퓨터 핵심부품 TWPA 독자개발 성공",IT
1177,갤S26 출시 2주만 이통사 지원금 15만→50만원,IT
1178,"코리아세븐, '외부수혈'로 적자 탈출 시동…신동빈 승부수 통할까",IT
1179,"펄어비스 붉은사막, 논란 딛고 '300만장' 돌파...손익분기점 넘어",IT
1180,"""와, 10조원"" 역대 최대 규모 AI 전환 사업… 정부 설명회 ‘인산인해’",IT
1181,"게임도 떼낸 카카오... '조직 슬림화' 박차, 정신아 대표 승부수",IT
1182,"""코인 담보로 대여 가능""… 업비트, 코인빌리기 서비스 대수술",IT
1183,"""이 시간에 이러면 밥먹지 말란거냐""…점심 시간대 삼성월렛 결제 오류 발생",IT
1184,"셀트리온, 고바이오랩과 장 질환 치료제 라이선스 인 체결",IT
1185,"팔란티어 CTO “이란 전쟁, AI가 주도한 첫 대규모 전투”",IT
1186,"""역시 아이돌 폰"" BTS콘서트 현장에서 빛난 갤S26의 '이 기능'",IT
1187,"한미반도체 곽동신 ""연매출 40% 성장 예상""",IT
1188,"SK하이닉스 ""순현금 100조 목표""...주주들 ""배당 확대"" 요구(종합)",IT
1189,벌써 300만장 팔린 ‘붉은사막’…“미친 그래픽” vs “조작감 별로”,IT
1190,"Arm, AGI CPU 시연 ""저전력·고성능으로 효율 극대화""",IT
1191,"54년 만에 달 궤도 가는 美, 우주정거장 대신 달에 직접 기지 짓는다",IT
1192,BTS공연이 아쉬웠다고…하이브가 정립한 엔터 성공방정식,IT
1193,"콜레스테롤 단백질, 세포사멸 조절 外 [과학게시판]",IT
1194,"[현장] ""AI 제품, 1~2년 내 시장 투입""…정부, AX 스프린트로 AI 상용화 속도전",IT
1195,AI에이전트발 ‘데이터 빅웨이브’ 대비…GPUaaS 필수시대 온다,IT
1196,[모바일어플라이언스 줌인]② 메자닌 반복 조달…재무 부담 지속,IT
1197,"[현장] AI 스타트업이 MS 인프라 택한 이유…""빠른 사업 확장 도와""",IT
1198,삼쩜삼 다음은 토스?…세무플랫폼 겨냥한 ‘도장깨기’,IT
1199,"번호이동 대란, '찻잔 속 태풍'이었네…SKT 40% 회복 또 불발",IT
1200,美 폴더블 시장서 삼성 점유율 51%로 하락... 모토로라 44% 맹추격,IT
1201,SK스퀘어 “내년초까지 3100억원 주주환원”,IT
1202,"카카오게임즈, 신작 부진에 日라인야후 품에서 ‘새 길’",IT
1203,"이통3사, 갤럭시 S26 지원금 2배 인상…공통 지원금 50만원 선",IT
1204,"SK스퀘어 김정규號 출항…""올해 AI·반도체 중심 사업 재편""",IT
1205,日 라인야후로 주인 바뀐 카카오게임즈… 글로벌 확장 기대 속 시너지 효과 미지수,IT
1206,"드리미, 韓 로봇청소기 1위·종합가전사 표방했지만…모바와 차별화 숙제",IT
1207,"반도체 설계도 제공하던 ‘ARM’, 첫 자체 칩 출시",IT
1208,"“왜 안되지…” 삼성페이, 점심시간 일부 결제 오류 발생",IT
1209,"SK스퀘어, AI·반도체 중심 재편 속도… 김정규 신임 대표 선임",IT
1210,"SK스퀘어 ""3년간 배당수입 30% 이상 환원""…내년 초까지 3100억 쏟는다",IT
1211,IPO 앞두고 곁가지 정리하는 오픈AI..AI 영상 도구 ‘소라’ 접고 사업 재편,IT
1212,"""20주년 아이폰, 풀스크린폰 어렵다""",IT
1213,브로드컴 “TSMC 생산 능력 한계”… 삼성 파운드리 수혜 여부 ‘촉각’,IT
1214,AI 데이터센터 특별법 첫 관문 통과…'전력직거래' 이견은 여전,IT
1215,"모토로라, 북미 폴더블폰 점유율 44%…쫓기는 1위 삼성",IT
1216,"정부 ""러시아산 원유·나프타 도입 가능""…석화 숨통 트이나",IT
1217,"갤S26, 60만원대로 '뚝'…역대급 기록 세우더니 지원금 '쑥'",IT
1218,1700만명 유심 교체하는데…홈피 공지만?,IT
1219,콜레스테롤 조절 단백질의 변심… 세포 생존·죽음도 조절,IT
1220,"셀트리온, 신약 개발 속도낸다…고바이오랩과 장 질환 치료제 라이선스 인 체결",IT
1221,"셀트리온, 고바이오랩과 2000억 규모 장질환 치료제 기술 도입",IT
1222,"정신아式 거버넌스 재편…카카오, 게임 덜어내고 AI 올인",IT
1223,제미나이 주사용자는 챗GPT에서 온 ‘이민자’…3명 중 2명 꼴,IT
1224,넷플릭스도 제쳤다…한국인들 돈 내고 쓰는 '국민 앱' 뭐길래,IT
1225,"SK하이닉스, '순현금 100조' 실탄 마련한다…곽노정 ""AI 생태계 투자 확대""",IT
1226,"셀트리온, 고바이오랩과 장 질환 치료제 라이선스 인 체결...“마이크로바이옴 후보물질 확보”",IT
1227,"애플, 지난달 국내 모바일 시장 점유율 2년 내 최대 30.42%",IT
1228,"""실력은 판매량이 증명한다""…'붉은사막' 300만장 돌파에 펄어비스 주가 급등",IT
1229,"이재용 “깊은 위로와 감사”… 삼성, 중동 체류 임직원에 500만원 상당 선물",IT
1230,"""검색은 네이버, 비서는 카카오""…AI 수익화 누가 먼저 웃나",IT
1231,세계가 주목한 K탈모 리더 리필드… ‘cADPR’이 뭐길래,IT
1232,"삼천당제약, 2500억원 규모 최대주주 지분 매도 공시…주가 18% 상승",IT
1233,“인간이 병목 돼버렸다”…AI에 휘둘리는 ‘클로드 블루’ 확산[김현지의 with AI],IT
1234,"국민의힘, 가상자산 과세 폐지 추진…""이중과세·형평성 문제""",IT
1235,"넥슨 ‘낙원: 파라다이스’, K-좀비 게임 성공 가능성 입증…27만명 몰렸다",IT
1236,주인 바뀌는 카카오게임즈…中 이어 韓 게임사 눈독 들이는 日 자본,IT
1237,"""중국산 통로 막아야""…피지컬AI 국산화 외친 기업들",IT
1238,"한국 달 착륙선, 중위도 지역 내릴 가능성 큰 까닭은",IT
1239,"""더블오·W에 47연 무료 가챠""…'SD건담 지 제네레이션 이터널' 1주년 혜택 쏟아진다",IT
1240,"""게임 내려놓고 AI 올인""…카카오, 라인야후 손 잡은 속사정은",IT
1241,2032년 K-달 착륙선이 내릴 곳은?…위도 50∼70도 후보지 공개,IT
1242,"헬기 6대 싣고 화성으로…NASA, 원자력 우주선 첫 도전 [우주로 간다]",IT
1243,달 탐사선 착륙 후보지 30곳 압축…올해 말 최종 확정,IT
1244,2년 만에 ‘소라’ 접는 오픈AI···지금 중요한 건 수익화? 빅테크들의 ‘선택과 집중’,IT
1245,‘붉은사막’ 300만장 판매에 펄어비스 상한가 근접,IT
1246,"카카오게임즈, 日라인야후 품으로... 3000억원 수혈 글로벌 승부수",IT
1247,카카오 대신 라인…카카오게임즈 글로벌 게임 사업 순항할까,IT
1248,"韓 의결권 자문사 '서스틴베스트', KT 주총 안건에 모두 '찬성'",IT
1249,"[단독] 공정위 ‘NXT의 기술탈취’ 조사 착수...금융위, 조각투자 본인가 심사 중단",IT
1250,"모토로라, 북미 폴더블 점유율 44%…삼성전자 맹추격",IT
1251,카카오에서 '다음'도 '게임'도 나간다…정신아호의 'AI 올인',IT
1252,출시 한 달 만에 ‘갤럭시S26′ 지원금 50만원까지 두 배 증가,IT
1253,차세대 리튬-황 전지 대량생산 해법 찾았다…제조단가 2.1배 줄여,IT
1254,2032년 한국 달 착륙선 후보지 윤곽… 위도 40~70도로 압축,IT
1255,아직도 ‘핵 어뢰’가 바다에…1989년 침몰한 소련 핵잠수함 여전히 방사능 유출 [핵잼 사이언스],IT
1256,"Arm, 실리콘 칩 직접 만든다…인텔·AMD와 경쟁구도",IT
1257,성병·마약·독감도 '자가 검사' 시대 열린다,IT
1258,곽노정 SK하이닉스 대표 “HBM4 고객사 일정에 따라 공급 중”,IT
1259,"우주청 ""2032년 달 착륙선 보낸다""…3단계 로드맵 공개",IT
1260,"中 드리미, 정수기·공기청정기·선풍기 내달 출시",IT
1261,"Arm, 첫 자체 칩 공개… AI 데이터센터 시장 공략",IT
1262,"""스트레스 순삭""…내놓자마자 품절 된 다이소 제품 뭐길래",IT
1263,"SK하이닉스 주주들, 배당 확대 요구…곽노정 ""추가 환원 검토""",IT
1264,"스테이블코인 규제 우려→헥토파이낸셜 '유탄'…""오히려 몸값 높아져""",IT
1265,"그래핀 항균 칫솔, 1000만 개 팔린 이유?… ‘산화그래핀’ 항균작용 규명",IT
1266,"""해킹 속도 8시간→22초""…AI 해커, 기업 시스템 장악 속도 '충격'",IT
1267,"NASA, 달 궤도정거장 접고 30조원 규모 달 기지 건설로 전환",IT
1268,"곽노정 SK하이닉스 ""순현금 100조 확보할 것…하반기 중 美 ADR 상장 추진""",IT
1269,AI가 쇼핑하는 ‘에이전트 커머스’ 시대…결제사고 책임 규정은 숙제,IT
1270,2032년 달 어디에 내릴까… 우주항공청 '북위 40~70도' 주목,IT
1271,"우주청, 2032년 쏠 달탐사선 착륙지 30여 곳 검토…올해 말 확정",IT
1272,"韓 달 착륙선, 2032년 발사…연내 월면 착륙 후보지 정한다",IT
1273,2032년 예정 한국 최초 '달 착륙선' 후보지 추려졌다,IT
1274,"미, 2028년 화성에 첫 원자력 추진 우주선 발사",IT
1275,[서울데이터랩]3월 25일 암호화폐 시총 상위종목 동향,IT
1276,"에픽게임즈, 1000명 넘게 대규모 감원…“포트나이트 이용자 감소 탓”",IT
1277,"일본 라인야후-카카오게임즈 동맹, 게임 사업 시너지 낼까",IT
1278,"NASA, 달 기지 짓고 핵추진 우주선으로 화성 탐사",IT
1279,"카카오, 카카오게임즈 경영권 라인야후로 넘긴 이유",IT
1280,"이란전쟁, 기후위기 키웠다…""2주만에 아이슬란드 1년 탄소 배출""",IT
1281,"삼성SDI도 러브콜…허제홍 엘앤에프 ""LFP K양극재, 우리가 유일""",IT
1282,"필옵틱스 ""이르면 올해 HBM 장비 성과 나올 것""",IT
1283,"공정위, 업비트 거래수수료율 표시광고 위반에 시정명령",IT
1284,"허제홍 엘앤에프 복귀 후 첫 언론 소통…""LFP 가동률 오르면 NCM급 수익""",IT
1285,"NASA, 달 궤도 우주정거장 접고 ‘달 표면 기지 건설’로 선회",IT
1286,"정부, 소버린 AI 모델 8월 오픈소스로 푼다…'모두의 AI' 본격화",IT
1287,"웹젠, 주주가치 제고 박차...2026년 주주환원 규모 900억",IT
1288,"드래곤플라이, 상장폐지 사유 해소…'스페셜포스 리마스터'로 거래재개 정조준",IT
1289,[카카오게임즈 새판]① 카카오서 라인야후로…복잡한 재편 방정식,IT
1290,“AI 인프라 규모 크면 끝?…AIDC 투자 성공 여부는 ‘운영’에 달렸다”,IT
1291,"[주총] ""주주환원 확대"" 약속하더니…SK스퀘어, 사전질의 답 없이 17분 만 '뚝딱'",IT
1292,‘데이터센터 인허가 150일 내 끝낸다’… AI 인프라 구축 ‘하이패스’ 열린다,IT
1293,첫 산 넘은 AIDC 특별법…AI 태울 '방주' 기틀 만든다,IT
1294,“채용·승진·합병도 노조와 합의하라”…삼성바이오 13번 교섭결렬 이유가,IT
1295,"펄어비스, 하한가 딛고 27% 반등…K-AAA '붉은사막'이 증명했다",IT
1296,1억 이상 가상자산 계정 17만개…시장 위축에도 대기자금·이용자수는 늘었다,IT
1297,"""부러진 데 또 부러진다""…골다공증 앓는 고령층 여성 '초비상'",IT
1298,"스페이스X, 빠르면 이번 주 기업공개 신청",IT
1299,갤S26 지원금 '2배 상향'…57만원 싸게 산다,IT
1300,"SK스퀘어, 하이닉스 중심 포폴 강화…美 상장에 “가치 재평가 기대”",IT
1301,"숙박료 유지하면 '수수료 폭탄', 에어비앤비 한국 수수료 체계 바꾼다",IT
1302,"""x86 점유율 뺏는다""…Arm, 3나노 AGI CPU로 SK·삼성 연합군 결성",IT
1303,곽노정 사장 “AI 생태계 주도”… SK하이닉스 ’100조 확보’ 美·청주 투자 확대,IT
1304,"모건스탠리 “중국, 2030년에 AI GPU 자급률 76%”",IT
1305,"'WBC 슈퍼캐치' 이정후 나올까…넷플릭스, MLB 개막전 생중계",IT
1306,라인야후 품에 안긴 카카오게임즈…시너지 날까,IT
1307,"곽노정 ""순현금 100조 확보 목표""…SK하이닉스, 중장기 투자 체제",IT
1308,"네이버 크림, 몽클레르 등 '無라벨' 상품 퇴출…5개월 만에 정책 철회",IT
1309,10년 난제 양자 붕괴 비밀 세계 최초 규명,IT
1310,"위메이드맥스, 개발 전략 재정비…‘매드엔진’ 역할 확대",IT
1311,카카오게임즈 ‘라인야후’ 업고 글로벌 진출,IT
1312,"갈매기 공세 비상…""가짜 눈 그려 넣었더니 안 오네""",IT
1313,"Arm, IP 기업 넘어 '실리콘 기업' 선언… ""적군도, 아군도 없다, 오직 확장뿐""",IT
1314,"오픈AI, 동영상 생성 앱 ‘소라’ 서비스 종료…“로보틱스에 집중”",IT
1315,"BMS 반도체 국산화 속도낸다…아나배틱세미, 150억 후속 투자유치",IT
1316,"곽노정 SK하이닉스 ""美 ADR 상장 추진…글로벌 가치 재평가""",IT
1317,"기업용 AI에 집중…오픈AI, 동영상 생성 도구 ‘소라’ 접는다",IT
1318,"넥슨, ‘낙원’ CAT 최고 동접 3만7천 기록…개선된 전투경험 ‘만족’",IT
1319,가계 통신비 내려가나…최적 요금제 주기적 고지 의무화,IT
1320,"SK하이닉스 ""100조원 이상 순현금 확보 목표…재무 체력 강화""",IT
1321,AI 논란에도 멈추지 않았다…붉은사막 300만장 돌파,IT
1322,"[인터뷰] 김승겸 KAIST 교수 “도시 재생, 녹지 접근성 중요… 집에서 5분 내 갈 수 있어야”",IT
1323,"'조직 슬림화' 카카오, 핵심 계열사 '게임'까지 떼냈다(종합)",IT
1324,갤럭시Z폴드8 랜더링 공개…이렇게 생겼다,IT
1325,"[주총] 김정규 SK스퀘어 사장 ""SK하이닉스 美 상장, 기업가치 재평가 기회""",IT
1326,1000만 개 팔린 그래핀 칫솔…세균만 골라 죽이는 원리 밝혀,IT
1327,아바코·야스·알박… 中 CSOT 8.6세대 OLED 뚫었다,IT
1328,"금호석화·포스코퓨처엠·BEI, 무음극 리튬메탈 배터리 삼각동맹",IT
1329,"카카오, 카카오게임즈 지분 매각한 까닭은",IT
1330,"통신3사, 갤럭시 S26 공통지원금 '15만원→50만원'…'젠지세대' 수요 잡기 총력",IT
1331,"SK하이닉스, 美 ADR 상장 절차 착수…글로벌 투자 기반 확대",IT
1332,"수천개 나뭇잎 흔들릴 때, 뇌 정보 요약→""저쪽으로 부는구나"" [지금은 과학]",IT
1333,"씨이랩, 엔비디아 '베라 루빈' 시대 정조준…'아스트라고' 고도화 착수",IT
1334,"갤S26, 출시 한달 만에 지원금 2배…최대 57만5천원 할인",IT
1335,"[현장] 김정관 산업부 장관 ""제조업 AI 전환, 협력이 곧 경쟁력""",IT
1336,"구글, 애자일로봇 파트너십 체결…AI 로봇 생태계 선점 가속",IT
1337,"""AI 한계는 없다"" 1조달러 시장 '풍덩'…Arm, 차세대 AGI CPU 2·3 세대별 로드맵 확정",IT
1338,양자컴퓨터 기반 ‘K-퀀텀 체인’ 공개… 블록체인 보안 패러다임 바꾼다,IT
1339,"전영현 삼성전자 부회장 ""에이전틱 AI 전력 장벽, 삼성 메모리 기술로 넘을 것""",IT
1340,"곽노정 SK하이닉스 사장 ""AI 인프라 핵심은 메모리… Arm AGI CPU 중요 이정표""",IT
1341,"르네 하스 Arm CEO ""IP·CSS에 새 선택지인 AGI CPU 추가""",IT
1342,카카오가 '오딘 신화' 쓴 카카오게임즈 경영권 내려놓는 이유,IT
1343,"SK하이닉스, 미국 ADR 상장 추진...글로벌 기업 발돋움에 주가 더 상승하나",IT
1344,"한명진 '비우고' 김정규 '채운다'...SK스퀘어 ""AI·반도체 투자 속도""",IT
1345,지난해 '단말기 교체' 특수 누린 이통 3사…갤S26 지원금 두배 늘렸다,IT
1346,"고등어, ‘금등어’ 된다…더 작고, 비싸진 이유는",IT
1347,CDPR 사이버펑크 TCG 펀딩 190억원 돌파…글로벌 카드 게임 시장 '들썩',IT
1348,스테이블코인 간 교환은 곧 외환거래…효율적 시스템 갖추려면,IT
1349,"""스테이블코인도 배달 앱 쓰듯 쉽게 환전할 수 있어야""",IT
1350,"카카오, 카카오게임즈 경영권 매각…새 주인 라인야후",IT
1351,"애플, ‘시리’ 확 바꾼다…""AI 전략 대대적 개편""",IT
1352,"모바일 시대 '숨은 제왕' Arm, 데이터센터 CPU 출사표",IT
1353,"""오늘 쓰는 AI가 평생 최악의 모델""…오픈AI, Arm AGI CPU 선택",IT
1354,"오픈AI, 영상 생성AI ‘소라’ 접는다",IT
1355,"""전력 아껴 35억명 AI 지능 높인다""…메타 Arm AGI CPU 선택, 왜?",IT
1356,"""20대는 클로드, 40대는 그록AI""…한국인 절반은 생성형AI 쓴다",IT
1357,"[100세건강] 환자 95%는 흡연자…담배가 부른 소세포폐암, 치명적",IT
1358,7년 개발 펄어비스 '붉은사막'…호평과 비판 엇갈린다,IT
1359,"""창사 이례 최초 자체 설계 CPU""…르네 하스 Arm CEO, 'Arm AGI CPU' 손에 '번쩍'",IT
1360,"""전세계 1840만명이 봤다""...숫자로 보는 넷플릭스 BTS 공연 진기록",IT
1361,K-게임 신기원 쓴 '붉은사막'…전세계가 '붉며든다',IT
1362,"르네 하스 Arm CEO, 에이전틱 AI 발 데이터센터 CPU 수요 4배 폭증 경고",IT
1363,"MS, 엑스박스 게임패스 요금 낮출까…가격 구조 개편 검토",IT
1364,카카오게임즈 최대주주 라인야후측으로 변경...실탄 확보 '총력'(종합),IT
1365,"SK텔레콤 ""Arm AGI CPU 활용 AI 데이터센터 사업 확장""",IT
1366,"JTBC재차 호소 ""월드컵 중계권, 3월말 지나면 '재판매 불가'""",IT
1367,"LG헬로비전, 자본조달비율 96%…재무 경고등",IT
1368,꿈도 안 꿔야 ‘꿀잠’ 잔다는 건 착각… 생생한 꿈이 숙면 이끈다,IT
1369,"""완벽한 고립은 없다""…DGIST, 10년 난제 '양자 붕괴' 비밀 풀었다[과학을읽다]",IT
1370,복잡한 장면도 한번에 ‘읽어내는’ 뇌의 전략 밝혀졌다,IT
1371,"테라젠바이오, 작년 매출 105억원·영업이익 23.8% 개선…해외 진출 노린다",IT
1372,"외계 생명체, 40광년 너머 네 행성 거기 있을까",IT
1373,"[바이오스냅] 삼성바이오로직스, 미 '디캣 위크 2026'서 수주 활동",IT
1374,"[앱마켓 수수료 인하]④ 3809억 수수료 내는 엔씨, '3중 절감' 시동",IT
1375,"SK하이닉스, 美 증시 상장 시동…'AI 반도체' 패권 잡는다",IT
1376,"DGIST, 10년 난제 ‘양자 붕괴’ 비밀 세계 최초 규명",IT
1377,"동화일렉트로라이트, 3세 경영+기술…승지용·김종훈 투톱 선임",IT
1378,"中 밀크티 체인 미쉐, 가격전쟁에도 순이익 33% 급증",IT
1379,"“1시간 이내에 생사 가르는 돌연사, 남성이 여성보다 4배 위험”",IT
1380,"카카오게임즈, 최대주주 카카오→라인야후…3000억 자금 확보(종합)",IT
1381,"아마존, ‘파우나’ 인수로 로봇 시장 진출",IT
1382,"주인 바뀌는 카카오게임즈, 3000억 규모 지분 매각·유증 공시",IT
1383,"맥 배터리 충전 제한부터 신규 이모지까지…애플, 맥OS 26.4 업데이트 실시",IT
1384,애플 아이폰20 올스크린 구현 난항…디스플레이 밑 기술 확보 관건,IT
1385,"""한달에 67번 쓴다""…일상 된 생성형 AI, 한국인 절반 써",IT
1386,"카카오게임즈 주인, 라인야후로 바뀐다…3000억 수혈(종합)",IT
1387,"[종합] 카카오게임즈, 최대 주주 라인야후로…실탄 3000억원 챙겼다",IT
1388,"위메이드맥스, 손면석 체제 개발 전략 재정비…‘매드엔진’ 역할 확대",IT
1389,"이리듐 80% 줄이고도 1000시간 버텼다…GIST, 그린수소 '가격 장벽' 깼다[과학을읽다]",IT
1390,'시신경' 부작용 피하려다…수막종 자라나 시력 잃고 생존율도 '뚝',IT
1391,"카카오게임즈, 대주주 '라인야후'로 바뀐다…지분 재편으로 3000억 '실탄' 확보",IT
1392,"Arm ""에이전틱 AI 시대, CPU 중요성 더 커진다""",IT
1393,"""이미경 부회장, K컬처 글로벌 확산 이끈 핵심 인물""",IT
1394,"에이피알, 장원영과 함께한 '부스터 프로 X2' 새 광고 공개",IT
1395,사전흥행에도 힘 빠진 갤S26…출시 한 달 만에 지원금 2배 인상,IT
1396,"애플, iOS26.4 출시…""애플뮤직 개선·키보드 정확도 높였다""",IT
1397,"카카오게임즈, 라인야후로 최대주주 변경",IT
1398,“1천만개 완판 대박 터트린” ‘그래핀 칫솔’…성공비결 뭔가 봤더니,IT
1399,"아마존, 휴머노이드 로봇 스타트업 '파우나로보틱스' 인수",IT
1400,[카드뉴스] 외국인 집주인 10만 명 시대,IT
1401,"큐알티, 유럽 방산시장 진출…RF 반도체 시험장비 첫 공급",IT
1402,"ARM, 창립 35년만에 자체 AI칩 판매 나선다[글로벌AI브리핑]",IT
1403,"'챗봇' 입은 시리 출격…애플, iOS 27 통해 역대급 AI 혁신 예고",IT
1404,"카카오게임즈, 최대주주 카카오→라인야후로…3000억 자금 확보",IT
1405,엇갈리는 글로벌 실적⋯'두 자릿수 증가' 네이버 vs '숨 고르기' 카카오,IT
1406,"[사이언스샷] NASA, 2년 뒤 화성에 원자력 추진선 발사",IT
1407,"[속보] 카카오, 카카오게임즈 매각…2대 주주로 물러난다",IT
1408,"카카오, 카카오게임즈 지분 라인야후에 매각…2대 주주로 물러난다",IT
1409,"엑셀세라퓨틱스, 노벨상 수상자가 이끄는 中 샹야와 ‘엑소좀 배지’ 공급 계약 체결",IT
1410,대박 친 'KAIST 칫솔' 기술 원리 규명...그래핀이 슈퍼박테리아까지 억제,IT
1411,자율주행 기업 한국으로 ‘집결’…왜?,IT
1412,"헥토데이터, 올해는 나아질까…""이커머스 공략""",IT
1413,"MS, 오픈AI·오라클 포기한 텍사스주 '스타게이트' 데이터센터 확보",IT
1414,비만 합병증 끊는 열쇠 찾나…천연물질 발굴,IT
1415,"브로드컴 ""TSMC 생산능력 병목 구간""…삼성 반사이익 주목",IT
1416,일상 돕는 똑똑한 AI 비서⋯네이버가 자신하는 3가지 경쟁력,IT
1417,"반도체 설계 1위 Arm, 35년만에 자체 칩 판매 공식화 'AI용 CPU 공급'",IT
1418,하루 1000보 더 걸을 때마다 사망 위험 10%씩 감소,IT
1419,"""軍장성·탈북민 주소 담은 쿠팡 정보 北이 탐내""",IT
1420,[1분건강] 봄철 미세먼지·건조한 공기 속 ‘각막’ 손상 주의,IT
1421,"“집도 당근에서 보나요?”…이사철 전월세 찾기, ‘동네 앱’으로 몰린다[1일IT템]",IT
1422,네오위즈 주주환원 강화 배경은…팬덤 중심 성장 자신감,IT
1423,"""동면 상태서 빛의 속도로 우주여행""…영화 '헤일메리' 어디까지 진짜?",IT
1424,"Arm, 서버용 CPU 공급 나선다...에이전틱 AI 겨냥 'AGI CPU' 공개",IT
1425,판 커지는 액티브 ETF…수출·전략산업 담는다,IT
1426,사모펀드 공들이는 오픈AI…‘17.5% 수익보장’ 내걸어,IT
1427,아마존 AI 자동화 보도에 소프트웨어주 급락…ETF 4%↓,IT
1428,"""연봉 6억에 모셔요"" 무기 전문가 뽑는 빅테크…AI 윤리 방어선 구축",IT
1429,"한 장씩 넘길 시간도 없다…""웹툰을 릴스처럼"" 압도적 인기 이유",IT
1430,[정옥재의 스마트 라이프] ‘AI 더한 핑크감성'…폰4a 써보니,IT
1431,"""말 다리가 3개"" AI 사용 미고지 사과한 붉은사막…환불사태 우려",IT
1432,"“프리미엄에 또 프리미엄”… 삼성전자·SK하이닉스, 서버용 D램 영업이익률 80% 넘긴다",IT
1433,[비즈톡톡] IMSI 보안 논란에 1700만 가입자 유심 교체 추진하는 LG유플러스… “신규가입 중단 제재는 어려워”,IT
1434,집단소송제 추진에…단체소송서 ‘개인정보 손배’ 포함 논의 올스톱,IT
1435,"[뉴테크] 이슬보다 가벼운 칩, 날아가는 벌 추적한다",IT
1436,"""BTS 효과, 100억 투자한 이 업체가 초대박 쳤네""[1일IT템]",IT
1437,난치성 유방암 표적 항암 신약 후보물질 개발,IT
1438,"英 스타트업 낫싱의 조명 철학, '점'→'선'…실용성 입은 '폰 (4a)' 써보니",IT
1439,"'26주 적금 신화' 고정희, 이번엔 'K-엔터' 설계한다",IT
1440,드라마 '미혼남녀' 인기에 원작 웹툰 역주행,IT
1441,'젊음을 되찾아주는 신물질'… 줄기세포의 '노화 스위치'를 껐다 [언박싱 연구실],IT
1442,"성장성 입증 필요한 위메이드, 미래 먹거리 확보 고심",IT
1443,"아이폰 해킹 도구, 온라인에 공개됐다…“수억대 보안 위협”",IT
1444,“AI 에이전트 열풍에 美까지”... 카카오·네이버 후원나선 ‘랄프톤’,IT
1445,[스타트업 리포트]아시아인 위한 데이트 앱 만든 문경신 큐릴레이션 대표,IT
1446,배터리 오래가요? ‘전성비’ 전성시대,IT
1447,"20년간 생쥐 복제했더니 58세대만에 실패…""포유류 무한정 복제 불가능""",IT
1448,"서버 대신 뉴런, 뇌세포 컴퓨터의 탄생",IT
1449,"[사이테크+] 눈파리가 눈 속에 사는 비결은…""체내 발열과 항동결 단백질""",IT
1450,[마켓인]롯데이노베이트 자회사 줄적자…신사업·해외 거점 손실 눈덩이,IT
1451,여유로운 'AI기사님' 강남의 밤 누볐다,IT
1452,"한화세미텍-삼성전자, SMT 특허 공동출원 9건으로 증가",IT
1453,SF 영화 속 생명체 복제… 현실에선 DNA 변이로 무한 반복 어려워,IT
1454,“불확실한 과제에 돈 낭비? 연구자 호기심이 난제 푼다”,IT
1455,"AI로 병상 모니터링, 망막 진단… K제약사 새 먹거리로",IT
1456,"영업이익 85억인데 시총 21조원… 삼천당제약, 주가 300% 뛴 까닭은",IT
1457,“AI·하드웨어 함께 설계… 에너지 효율 1000배로”,IT
1458,서정진 회장 “송도 캠퍼스에 1조 투입… 2030년까지 4·5공장 단계적 증설”,IT
1459,"SK하이닉스, 12조 규모 반도체 제조 ‘EUV 장비’ 구매",IT
1460,"지란지교시큐리티, 자사주 40만주 전량 소각한다",IT
1461,"“피지컬 AI, 갈 길 멀다”… 로봇 국산화·데이터 확보·규제 장벽 해소 시급",IT
1462,"셀트리온, 송도에 18만 리터 규모 4·5공장 증설…1조2천억원 투자",IT
1463,"“20만→ 5만원, 완전 망했다” 대박 날 줄 알았는데…유명 대기업 충격 ‘반전’",IT
1464,“1200만명 ‘우르르’ 몰렸다” 요즘 20대 ‘열풍’ 완전 꽂혔다더니…무슨 일이,IT
1465,카카오 'AI 돛' 활짝… 지역 AX기업 키운다,IT
1466,“호빵 두 개 붙인 줄 알았다” 전 세계 조롱받더니…‘80만원’ 너무 심하다 ‘아우성’,IT
1467,자율주행 기업 한국으로 ‘집결’…왜?,IT
1468,"""홍삼 위상이 예전만 못하네""…이 와중에 유일하게 대박난 제품 [키워드랩]",IT
1469,"최윤범, 고려아연 경영권 사수…표 처리 방식 법정공방 불씨 남아",IT
1470,"빗썸, 영업정지 처분 취소소송…집행정지도 함께 신청",IT
1471,"한화비전 ""세미텍 매출 20% 성장 전망...TC본더 입지 다질 것""",IT
1472,"셀트리온, 국내외 생산기지 증설에 2조 투자",IT
1473,투자기업에 GPU·AI SW 제공…'엔비디아 제국' 지배력 굳혀,IT
1474,"문턱 낮춘 125兆 美시밀러 시장… K바이오, 선점 총공세",IT
1475,"""여기가 샌프란시스코인가요?""… 한밤 강남거리 자율주행 '이상무'",IT
1476,"집중투표 한다는 크래프톤, 정작 이사수 제한에 국민연금 반발",IT
1477,"[리뷰] 3250만 화소와 7K 촬영 두 날개 달았다, 캐논 EOS R6 Mark III",IT
1478,코스닥 1000시대 소외된 HR업계…주주 가치 제고 ‘특명’,IT
1479,"美 나스닥 이어 NYSE도 간다…지드래곤 소속사, 글로벌 자본시장 정조준",IT
1480,"1년간 124개 기업에 베팅…'엔비디아 생태계'로 가둔다""",IT
1481,"""생산능력 세계3위로…매분기 실적 도약""",IT
1482,"미국 정부, 인터넷 공유기 수입 전면금지…“보안 우려""",IT
1483,식품값 줄줄이 내리지만…원가 부담에 ‘반짝 효과’ 우려,IT
1484,"유라시아 누빈 네안데르탈인, 생존은 늘 위태로웠다",IT
1485,韓 흥행 타고 美로…후원사까지 늘린 ‘랄프톤’,IT
1486,"[DD퇴근길] ""맥북 프로 싹 바뀐다""…애플 리디자인 통할까",IT
1487,LGU+ IMSI 논란 국회 도마 위…정부 “위법 아냐” vs 의원들 “보안 취약”,IT
1488,"사람 10만명 모여도, 사진 243만장 터져도…통신강국 이름값 이것으로 증명",IT
1489,"[현장] ""1만 3천명 공채를 3주 만에""… 마이다스인, 'AI 채용 에이전트'로 HR 혁신 제시",IT
1490,외국인 비대면 계좌 개설 추진…부처간 ‘떠넘기기’에 가로막혀,IT
1491,"배경훈 부총리 “LGU+ IMSI 문제, 법 위반 아니지만 보안 대응 철저”",IT
1492,"LG CNS 현신균 연임 확정…""로봇·M&A로 성장동력 확대""",IT
1493,"과기부, 엔비디아 칩 1.5만장 확보",IT
1494,성인물 플랫폼 '온리팬스' 소유한 억만장자…암 투병 끝 사망,IT
1495,"""숨긴 사진, 가상자산 지갑 앱까지 털린다""... 구형 아이폰 해킹 비상",IT
1496,쇼핑부터 법률상담까지 中 AI에이전트 굴기,IT
1497,편의점 성장 멈추자 전략도 갈렸다…확산형 vs 랜드마크,IT
1498,"펄어비스 ‘붉은사막’, 서구권서 호평…스팀 접속자 수도 경신",IT
1499,"AI 상장사 줄줄이 고전하는데…코난테크, 지난해 창사 최대 실적낸 비결은?",IT
1500,"[주총 포커스] DBO 본격 진출 LGU+…홍범식 ""그룹 역량 총집결""",IT
1501,삼성전자 노사 교섭 재개…총파업 위기 해결 실마리 찾나,IT
1502,2000억 규모 클라우드 DR 사업 본격화…ISP 수주전 점화,IT
1503,"[과학기술이 미래다] 〈184·끝〉'개혁중의 개혁' 금융실명제, 전격 닻 올렸다",IT
1504,"비에이치, IT에서 로보틱스·전장으로 PCB 사업 확장",IT
1505,김태호 노타 창업자 “최적·경량화 기술로 AI 보편화에 기여”,IT
1506,"IBM 연구진, 양자컴퓨터로 복잡한 분자 속 전자 해독",IT
1507,"정부 ""법적 문제 없다"" vs 국회 ""인지하고 무시""…LGU+ IMSI 공방",IT
1508,"""발레코어룩 보여달랬더니 뚝딱""…젠지 홀린 '네이버 쇼핑 에이전트' 뭐길래",IT
1509,"삼성전자 노사, 일단 갈등 봉합 국면… “교섭 재개”",IT
1510,"""호르무즈 6월까지 봉쇄 땐 두바이유 179달러까지 뛸 수도""",IT
1511,"넷마블, 하이브·코웨이 공정가치 2.9조…1년 새 9072억 증가",IT
1512,“올해 스마트폰 칩 60%가 첨단 공정… 삼성 2나노 주도”,IT
1513,"삼성바이오 노조, 제약바이오 최초로 주 4.5일 도입 요구…파업 찬반투표 시작",IT
1514,남극의 300만년 전 얼음 속 측정…이산화탄소 농도 훨씬 낮았다,IT
1515,"LGU+ 가입자식별번호 허점에…야당, 신규가입 중단 요청",IT
1516,"[거버넌스 리빌딩]권봉석 후임에 남형두…LGU+, 사외이사 의장 체제",IT
1517,"[주총 포커스] ""주가는 왜?""…해명에 진땀 뺀 크래프톤 김창한",IT
1518,‘태양전지 딜레마’ 해결… 수명·효율 두마리 토끼 잡아,IT
1519,중동불안·사이버공격·노후설비…산업계 덮친 '가동중단' 부담,IT
1520,"AI 시대, 조직 효율화의 답은 ‘감원’일까",IT
1521,"래리 핑크 블랙록 회장 ""AI, 이미 자리 잡았다… 구경만 하다간 도태""",IT
1522,"'300만원' 애플 폴더블폰, '화면주름' 없앤 혁신 디스플레이 적용하나",IT
1523,지구상 최고 인프라의 역설 … 해킹 타깃된 한국,IT
1524,"고려제강, 랜섬웨어 피해…해커 ""128GB 내부 데이터 탈취""",IT
1525,"티맵의 진화 … ""유저 간 경험을 연결하는 이동 소셜 플랫폼 될것""",IT
1526,"""식탁 뒤엎고 안 멈춰요""… 휴머노이드 로봇 '비상멈춤' 골머리",IT
1527,따로 하던 암 검사 한번에 … 동시검출 기술로 환자 부담 덜어드리죠,IT
1528,내 손안의 망원경 … 63빌딩 옥상까지 또렷,IT
1529,LG유플러스 콘텐츠제작 '드림팀' 뜨자 … MWC2026 영상 조회수 300만회 돌파,IT
1530,"젠슨 황 ""인간 수준 AGI, 이미 달성했다""",IT
1531,"SK텔레콤, 호주 게임사 ‘아이캔디 인터랙티브’ 사실상 정리 수순… 보유 지분 2년간 40% 처분",IT
1532,가벼워서 눈길 간다 … 미니 감성 제대로네,IT
1533,"11년 만에 주총 의장 선 서정진 ""세계 경기 영향 안 받는다""",IT
1534,"AI 코딩 시대 …""개발자 대신 콘텍스트 엔지니어 키워야""",IT
1535,"미국 정부, 보안 이유로 인터넷 공유기 수입 전면금지",IT
1536,"AI인프라 경쟁, 공간으로 확장 … '우주 클라우드 코리아팀' 전략 필요 [기고]",IT
1537,"상장 앞둔 오픈AI의 승부수, 광고 베테랑 뽑고 '기업용 AI' 정조준 [팩플]",IT
1538,"메타 '안경형 AR' 완성할 마지막 퍼즐, 한국 연구진이 맞춘다",IT
1539,[국방 AX 골든타임]〈중〉“알고리즘이 표적 결정”…AI戰 윤리 '레드라인' 어디까지,IT
1540,1400만원대 바디프랜드 733 등장…잘 팔릴까,IT
1541,"[르포]강남의 밤, 핸들에서 손을 뗐다…'AI 기사님' 택시 타보니",IT
1542,"곽도연 바디프랜드 대표 ""20살 기술 집약한 733, 글로벌 스탠다드 도약""",IT
1543,TSMC 86% 독주 속 삼성 2nm 선제 도입…첨단 공정 60% 시대 개막,IT
1544,"KAIST 교수협도 총장 후보 선출 본격화···27일 접수, 다음달 2일 합동토론회",IT
1545,"배경훈 ""LGU+ IMSI 문제, 위법 아냐…보안 대응은 철저히""",IT
1546,"엔씨, 1분기 영업익 900억대 ‘반등’ 전망… 아이온2·리니지 클래식 쌍끌이 본격화",IT
1547,AI 비서로 주식·코인 자동매매?…“잘못하면 해커에 통째로 털립니다”,IT
1548,"옴디아, SKT AI 인프라 전략 주목…“수익화 해법 제시”",IT
1549,"이해민 ""LGU+, IMSI 노출 인지하고도 무시""...배경훈 ""철저 대응""",IT
1550,"롯데홈쇼핑-태광 갈등↑…""정상 경영"" vs ""계열사 밀어주기""",IT
1551,"K제약바이오, 美 시밀러 규제 완화 수혜 ""125조 시장 정조준""",IT
1552,"“스팸으로 번 돈, 이젠 전부 환수한다”",IT
1553,"""모범생 실적에도 주가는 왜?""…날선 질문에 크래프톤 ""성과로 증명하겠다""",IT
1554,"고려아연-영풍·MBK, 주총 신경전…감사위원 1→2인 확대 부결",IT
1555,"“양극화 해법, 부동층 설득보다 강성층 중립 유도가 더 효과적”",IT
1556,"7년 만의 신작 '붉은사막', AI 논란 속 200만장 팔고도 저평점·하한가",IT
1557,"[단독] 640억 쏟은 칼리버스 존폐기로…롯데, 메타버스 사업 두고 골머리",IT
1558,양초 파라핀으로 만든 '혁신 배터리' 3~5년 내 상용화 가능,IT
1559,"[챗ICT]네이버 CFO '10년 만에' 이사회 합류, 주목하는 이유",IT
1560,"올릭스, 비만 타깃 ‘ALK7’ 최대 84% 억제…영장류 데이터 공개",IT
1561,"[주총] SK스퀘어, AI·반도체 중심 포트폴리오 재편...""AI 퍼스트로 격차 벌린다""",IT
1562,5000대 전기차를 묶어 ‘하나의 배터리’처럼 활용…전력시장 거래까지,IT
1563,"셀트리온, 국내외 증설에 2조 투입..""밸류업 가속화""",IT
1564,"더 얇고 강력하게…갤럭시Z폴드8, 확 바뀐다",IT
1565,"영업이익 85억 삼천당제약, 1년 새 주가 300% 급등한 이유는",IT
1566,SK하이닉스 미국 설립 AI컴퍼니 뉴욕에 거점,IT
1567,"“TSMC 인재 빼간다”… 대만, 테슬라發 반도체 인재 러브콜에 ‘우려’",IT
1568,'제우스: 오만의 신' 출격 예고…컴투스 MMORPG 승부수,IT
1569,"SK하이닉스, EUV 장비에 12조원 투자…차세대 D램·HBM 양산 준비",IT
1570,"필즈상, 대통령 표창 받은 과학자는 공항에서 줄 안 선다",IT
1571,"기후부, 공공 차량 5부제 시행…재택근무 검토 가능성도 시사",IT
1572,"홍콩·대만서 A형 간염 확산…""국민 절반은 면역 공백""",IT
1573,"""2030년 제약바이오 수출 30조""…정부, 바이오벤처에 1조원 성장사다리",IT
1574,"중기부·복지부, 후보물질 발굴→임상→수출까지 ‘이어달리기 지원’ 나선다",IT
1575,"국내 5G 가입자, 정말 3860만명일까? [IT클로즈업]",IT
1576,AIDC 특별법 법안소위 통과…비수도권 전력계통영향평가 면제 길 열리나,IT
1577,"해킹 조사 자료 제출 안 한 기업, ‘이행강제금’ 낸다",IT
1578,"""스마트폰 올해 더 커진다""…아이폰이 쏘아올린 '신호탄'",IT
1579,"""LGU+ 1100만명 IMSI 노출"" 김장겸, 과기정통부에 '신규 가입 중단' 검토 촉구",IT
1580,"컴투스, 김대훤 MMORPG 신작 타이틀 '제우스: 오만의 신' 확정",IT
1581,컴투스 블록버스터 신작 MMORPG 타이틀명 '제우스: 오만의 신' 확정,IT
1582,"한화비전 ""올해 한화세미텍 매출 20% 성장 전망""",IT
1583,"DB하이텍 주총, '위장 계열사' 논란에 소액주주 연대와 정면충돌",IT
1584,"“반복 사고에 과징금 철퇴”…정부, 9월 침해사고 규제 강화",IT
1585,‘AI 건망증’ 없앴다… 멀티모달 AI 정확도 2배 ↑,IT
1586,김창한 크래프톤 대표 3연임 성공… 주가 부진 속 ‘포스트 배틀그라운드’ 찾기 과제,IT
1587,"정부, 해킹 사고 정황 확인되면 '기업 신고' 없어도 현장 조사",IT
1588,대포폰 개통 방치하면 영업정지…9월부터 통신사 '관리 책임' 묻는다,IT
1589,"""싼 인력 찾던 시대 끝""…스타트업, 해외서 고급 인재 모셔온다",IT
1590,"바디프랜드, 헬스케어로봇 '733' 출시…“판매량 5000대·매출 500억원 목표”",IT
1591,"LG유플러스, AIDC로 체질 전환 속도…2028년까지 매출 2조원 목표",IT
1592,[기고] 우리는 AI의 신분증을 확인했나,IT
1593,"아이폰17 에어, 美서 16플러스보다 더 팔렸다…한국은?",IT
1594,난치성 유방암 표적 항암 신약 후보물질 外 [과학게시판],IT
1595,"SK하이닉스, ASML EUV 12조원 규모 추가 도입",IT
1596,"SK하이닉스, 12조 규모 EUV 장비 도입…첨단 공정 대응 강화",IT
1597,"""맘스터치·깐부치킨도 써요""…출시 3년 만에 3만곳 '싹쓸이'",IT
1598,연임 성공한 현신균 LG CNS 대표…생존전략 'AX' 방점,IT
1599,"컴투스, 신작 MMORPG '제우스: 오만의 신' 타이틀 확정 및 BI 공개",IT
1600,여권 보여줬더니 “당장 통과시켜”...‘역대급 특혜’ 출입국 프리패스 직업은,IT
1601,"11년만에 주총 의사봉 잡은 서정진…""세후이익 3분의 1 배당""",IT
1602,‘새 리더십-AI 확산 총력전’…통신사 ‘새 분기점’,IT
1603,중국 추격 맞서 ‘특허 장벽’ 세우는 한국 디스플레이,IT
1604,AI·로보틱스 청사진 꺼낸 크래프톤…주주들은 “주가부터 답하라”,IT
1605,"'LFP 첫 계약' 엘앤에프, K-배터리 3사·미국 車로 판도 넓힌다 [배터리레이다]",IT
1606,"크래프톤, 김창한 대표 재선임…""새 임기 내 전략 성과 나올 것""",IT
1607,"셀트리온, 1.7조 규모 자사주 소각 결의…총 발행주식 4% 규모",IT
1608,‘손톱→스타일러스펜'으로 변신…환상의 매니큐어 나왔다,IT
1609,유방암 방사선 치료 후 피부염…엑소좀 크림으로 완화 가능,IT
1610,"SK하이닉스, EUV 장비에 12조 투자…차세대 D램 전환 가속",IT
1611,"조인철 의원 ""극장 관람 기준, '연 나이'로 통일해야""",IT
1612,"“TV·쇼츠, 1시간씩만 덜 봐도...”우울증 위험 최대 43% 낮아진다",IT
1613,카톡에서 AI로 올리브영 쇼핑…AI 에이전트 본격 시동 네카오,IT
1614,"SK하이닉스, 12조 규모 EUV 장비 도입…차세대 공정 양산 대응",IT
1615,"[혼돈의 출연연] 3년 묵은 항우연 성과급 갈등 마침내 합의…""보수체계 근본 개편해야""",IT
1616,"李대통령 ""추경, 빨라야 효과…현금 살포는 정치적 선동""",IT
1617,"“주무르기만 하던 시대는 끝났다”…안마의자, ‘피지컬 AI’ 로봇으로 진화",IT
1618,"서정진 “셀트리온, 4세대 비만약 개발중…내년 임상 진입”",IT
1619,[서울데이터랩]3월 24일 암호화폐 시총 상위종목 동향,IT
1620,통신사 최적요금제 고지 의무화…사용량 분석해 적합한 요금 알려야,IT
1621,"[주총] 주가 부진에 주주들 날선 질의...크래프톤 김창한, 성장 증명 과제 안았다",IT
1622,"서정진, 3년 만에 주총 '깜짝 등판'…""투자·배당 모두 늘리겠다""",IT
1623,"""90대 심혈관 환자 가슴 가르지 않고 '이 시술'로 치료 가능""",IT
1624,“재난안전망 이어 한국은행 ITO 2기도 유찰”…대형 공공사업 ‘안갯속’,IT
1625,"서정진 셀트리온그룹 회장, “올해 자사주 소각 대신 현금 배당 확대”",IT
1626,"미래에셋증권, 주주환원 6347억 결정…역대 최대 규모",IT
1627,"애플, 6월 WWDC서 AI 반격 승부수 띄운다",IT
1628,"서정진 ""올해 셀트리온 영업이익 1조8000억원 넘어설 것""",IT
1629,"""SKT, AI 수익화의 해법""…美옴디아 집중 조명",IT
1630,"호르무즈 여파에 '나프타' 비상…정부, 수출 제한 검토",IT
1631,"""스팸으로 번 돈, 1원도 못 챙긴다""… 매출 6% 과징금에 부당이익 몰수·추징",IT
1632,10만 명 모여도 거뜬…AI로 통신 트래픽 ‘분산’,IT
1633,"업스테이지, 가성비 대형 LLM ‘솔라 프로3’ 공개",IT
1634,"통신3사 주총, 새 리더십·AI 확산 총력전",IT
1635,"[AX 지금, 현장에선] JP모건의 200억달러 투자가 한국 금융에 던지는 질문",IT
1636,"컴투스, 김대훤 대표 MMORPG 타이틀명 '제우스: 오만의 신' 확정",IT
1637,"고려아연 주총 3시간 지연 끝 개최…""소액 주주 위임장 확인 때문""",IT
1638,"인애이블퓨전, 450억 규모 핵융합 핵심설비 수주",IT
1639,"장인화 포스코 회장 ""올해 실질적 성과 창출하는 변곡점""",IT
1640,"옴디아 ""SKT, 2030년 데이터센터 매출 1조…글로벌 수익화 모범사례""",IT
1641,새 지식 배워도 옛 지식 안 잊는 '건망증 없는 AI',IT
1642,"""AI 수익화 고민 해법될 것""…옴디아, SKT AI 인프라 전략 분석",IT
1643,면역세포 공격 피하는 암세포 잡는다…이중 표적 mRNA 암 백신 개발,IT
1644,"서정진 셀트리온 회장 ""4세대 비만치료제 내년 1상 진입 계획""",IT
1645,"1분마다 1대 팔린 '트롬 워시타워', 4월에 새 모델 나온다",IT
1646,"사우디 새비게임즈, 60억 달러에 '모바일 레전드' 개발사 문톤 인수",IT
1647,"DB하이텍 주총, 주가 급등에도 소액주주 공세…왜?",IT
1648,[AI픽] 제미나이 사용자 3명 중 2명은 '챗GPT서 갈아탔다',IT
1649,[어바웃 C] 위메이드맥스 손면석 단독체제…과제는 '선택과 집중',IT
1650,“챗GPT 쓰다가 갈아탔어요”…제미나이 주이용자 65%는 ‘챗GPT 이민자’,IT
1651,"SKT, 'AI로 돈 버는 법' 증명했다… 글로벌 시장이 주목한 수익 모델",IT
1652,건강보험 약품비 27조7천억원…제네릭이 44% 차지,IT
1653,"셀트리온, 송도에 원료의약품 생산시설 증설...1.2조원 규모",IT
1654,"LGU+ ""AI 데이터센터 신규 먹거리로…보안·안전도 최우선"" (종합)",IT
1655,"[현장] LG CNS, 현신균 대표 연임…""M&A 폭넓게 검토""",IT
1656,"“당장 업데이트 하세요”…구형 아이폰 해킹 도구, 온라인에 공개돼 ‘우려’",IT
1657,"""변압기 두께 11→2.65mm""…TI, 70% 줄인 전원 모듈로 AI 전력망 정조준",IT
1658,태양전지 난제 해결…25% 고효율·고수명 동시확보,IT
1659,"제미나이 이용자 3명 중 2명, 챗GPT서 갈아탔다",IT
1660,"SK이노, SK온 매각설 선 그어…""배터리 사업 의지 변함 없어""",IT
1661,애플 특수 탄 LG디스플레이 상반기 흑자 굳히기…P-OLED 앞세워 로봇 정조준,IT
1662,"안건영 박사가 밝힌, 닥터지 '레드 블레미쉬'가 10년 넘게 사랑받는 이유",IT
1663,"텐센트 게임즈 에이스, GDC 2026서 첨단 모바일 게임 보안 기술 최초 공개",IT
1664,"삼성SDI, 엘앤에프 LFP ESS 양극재 조달…1.6조 규모",IT
1665,"""AI 수익화 모델 해법""…옴디아, SKT 'AI 인프라 전략' 조명",IT
1666,"엔비디아 올라탄 두산, 올해 CCL 투자 2배 이상 확대",IT
1667,"LGU+ 홍범식 ""AIDC로 차별화된 성장…27년 노하우 결집""",IT
1668,"미국으로 떠난 'K-시큐리티', 공동·개별 부스로 각개전투 총력",IT
1669,"""전기차=이동형 배터리""…수천 대 묶어 전력시장에 활용",IT
1670,"크래프톤, 김창한 대표 재선임…""프랜차이즈 IP 기업으로 성장""",IT
1671,[인터뷰] 크리스 패트릭 퀄컴 수석부사장 “삼성전자와 ‘퍼스널 AI’ 진화시킬 것”,IT
1672,"이재명 ""원유·가스 수급 불안 비상 대응 체계 선제 가동""",IT
1673,"갤럭시·아이폰 파일 공유 “이제 된다”…삼성, S26 시리즈 ‘에어드롭’ 지원",IT
1674,"""'PET-CT 검사' 한번으로 암환자 수술 후 합병증 위험 예측""",IT
1675,"폐쇄망 속 챗GPT·클로드 쓴다…NHN두레이, 1년 만에 금융사 20곳 접수한 비결은?",IT
1676,"현신균 LG CNS 대표 ""자사주 매입·소각 계획 아직""[주총 포커스]",IT
1677,"위메이드맥스, 손면석 단독 대표 체제 전환",IT
1678,"[뉴스페이스 오딧세이] 코스닥 안착 나라스페이스, 우주방산도 넘본다",IT
1679,"홍범식 유플러스 대표 ""AIDC는 '원 LG' 역량 총집결""",IT
1680,"""AIDC 경쟁력 있냐"" 주주 질문에…홍범식 LGU+ ""ONE LG 시너지""(종합)",IT
1681,“전기차 수천 대 묶었더니” 전력절감 14.9%…‘가상 배터리’ 기술 상용화 청신호,IT
1682,'배우라' 새긴 납탄 발견…고대 로마 전장의 숨겨진 이야기,IT
1683,"LG유플, AI 데이터센터 사업 본격화...“수익 구조 혁신할 것”",IT
1684,"삼성디스플레이 노사, 임금협약 체결…5년 연속 무분규",IT
1685,"'AI가 저장공간 잡아먹는다'…아이폰17 시리즈, 256GB 기본 안착",IT
1686,“구형 아이폰 노린 해킹 도구 공개…수억대 기기 보안 ‘비상’”,IT
1687,'주름' 잡고 '내구성' 키웠다…애플 아이폰 폴드 '자가치유·이중강화',IT
1688,"""그룹 시너지가 AIDC 경쟁력""…홍범식, AI 중심 전환 강조",IT
1689,"칸에스티엔·아이로보틱스·해성에어로보틱스, '국산 로봇감속기 연합' 본격 가동",IT
1690,"'플러스' 가고 '에어' 왔다…아이폰17 에어, 한국 점유율 11.2% 돌파",IT
1691,"[AI픽] 소버린 AI, 돈 되는 모델로…SKT 사례 부각",IT
1692,[AI는 지금] 앤트로픽 제재에 반기든 美 기업…실리콘밸리 움직임에 전쟁부 '난감',IT
1693,최영우號 SOOP 1년…체질 개선했지만 MAU 1위 탈환은 '숙제',IT
1694,"‘외국인 집주인’ 10만 명 돌파, 규제와 개방 사이의 딜레마",IT
1695,"“똑바로 해, 이 XX야” 잡도리만 1시간째…‘AI 건망증’ 없어진다",IT
1696,"LG유플러스, 정기주총서 정관 변경 등 6개 안건 승인… 연간 배당 660원 확정",IT
1697,BTS 컴백공연 생중계 당일 넷플릭스에 국내서만 557만명 몰렸다,IT
1698,"오픈AI, 핵융합 스타트업 ‘헬리온’과 전략구매 협상",IT
1699,"[주총] 'LG유플' 홍범식 ""파주 AIDC는 LG그룹 역량 결집체""(종합)",IT
1700,"LGU+, 데이터센터 승부수 던졌다…사업판 바꾼다",IT
1701,"연구실 사고에도 용기 낸 카이스트 학생, “끝까지 지원” 약속한 배경훈 부총리",IT
1702,"[이기자의 게임픽] 펄어비스 '붉은사막', 장기 흥행 기대↑...조작감 개선 긍정",IT
1703,"효율↑ 수명 길고, 가격↓ 오염 없는 전지·배터리 [지금은 과학]",IT
1704,"KAIST, 태양전지 딜레마 해결…25% 이상 효율·수명 동시 확보",IT
1705,"ETRI, ‘건망증 없는 AI’기술 개발…새 지식 배워도 잊지 않는 AI",IT
1706,"위메이드맥스, 손면석 단독 대표 체제 전환",IT
1707,"애플, 2026년형 맥북 프로 리디자인 단행…OLED·초슬림화 예고",IT
1708,"고정희 대표식 '팬덤 비즈니스', 카카오엔터 혁신 이끌까",IT
1709,"정용진 신세계 회장, 스타필드 청라 찾아 ""세계 최고 품질 갖춰라""",IT
1710,아이폰 해킹도구 깃허브 공개돼… 악용 확산 우려,IT
1711,"""사진 카톡으로 보내줘"" 안해도 된다…갤럭시도 '에어드롭' OK",IT
1712,"美 FCC, 외국산 라우터 신규 수입·승인 전격 금지…'티피링크·에이수스' 직격타",IT
1713,멀티모달 AI '망각 현상' 외부저장법으로 해결했다…성능도 2배 개선,IT
1714,"NASA 초음속기, 2차 비행 중 결함…이륙 9분 만에 조기 착륙",IT
1715,"고려아연 노조 ""MBK, 국가기간산업서 철수하라""…주총장 앞 피켓 시위",IT
1716,"英 옴디아, SKT ‘AI 전략’에 “글로벌 AI 인프라 전환 선두주자” 평가",IT
1717,"LG전자, 유럽 냉난방 공조 시장 공략 강화",IT
1718,태양은 우주의 ‘이주민’…탄생 직후 ‘변두리’로 1만광년 밀려났다,IT
1719,"에스비비테크, 지난해 매출 71억 거둬…사업 구조 전환 가속",IT
1720,수장룡을 물어뜯은 중생대 최강 육식어류 [다이노+],IT
1721,애플도 결국 구글과 같이…지도 앱에 검색 광고 뜬다,IT
1722,"에스티로더, 스페인 푸이그 인수 협상",IT
1723,"""게이머가 틀린 게 아니었다"" 젠슨 황, DLSS 5 '불쾌한 골짜기' 비판에 결국 백기",IT
1724,"[AI픽] 업스테이지, 에이전트 AI 특화 '솔라 프로 3' 공개",IT
1725,긴 손톱으로도 스마트폰 ‘톡톡’... 화면 터치되는 투명 매니큐어 나왔다,IT
1726,"AI로 1조? 허황 아니다…英 옴디아 ""SKT 수익모델 윤곽""",IT
1727,"물량 2배·가격 반값…롯데마트, ‘메가통큰’ 행사 개최",IT
1728,[써보고서] 코드 한 줄 몰라도 되네…문과 출신 기자의 바이브 코딩 도전기,IT
1729,"KAIST·화학연, 태양전지 25% 효율·안정성 모두 잡았다",IT
1730,"지란지교시큐리티, 자사주 40만주 소각…주주환원 팔 걷었다",IT
1731,"""하늘로 배달""…구글 드론 배송 '윙', 美 베이 지역으로 확대",IT
1732,"셀트리온, 1.2조 투자해 송도내 신규 원료의약품 생산시설 증설",IT
1733,"""16세 미만은 안돼"" 핀터레스트 CEO도 목소리 높인 이유는[1일IT템]",IT
1734,"'제미나이' 사용자 3명 중 2명은 '챗GPT'서 갈아타…""기능 다양성 때문""",IT
1735,"""담배 끊었는데""…출산 2년 전 흡연도 자녀 자폐·지적장애·ADHD 위험",IT
1736,"“암 ‘도망길’ 막고, 기능 되살린다”… 한미, 이중저해·mRNA로 항암 승부수",IT
1737,"Arm, 데이터센터용 CPU 등 제품·기술 로드맵 공개",IT
1738,"갤럭시Z폴드8, 충전 속도 25W→45W로 개선 전망",IT
1739,"트럼프 ""이란 공격 5일간 중단"" 발언에…비트코인 7만 달러 회복",IT
1740,"업스테이지, 대형 LLM ‘솔라 프로3’ 공개…‘성능·비용’ 둘 다 잡았다",IT
1741,"“수 천대 전기차를 하나의 전력 자원으로”…GIST, V2G 상용화 앞당길 '가상 배터리' 개발",IT
1742,"펄어비스, ‘붉은사막’ 초반 흥행 질주… 서구권서 통했다",IT
1743,“다들 나빼고 낄낄” 에어드롭 왕따 없어진다…갤럭시26부터 호환시작,IT
1744,"주말마다 사찰 봉사…온정 나누던 70대 여성 뇌사, 3명 살리고 하늘로",IT
1745,"‘페로브스카이트’ 태양전지, 난제 해결…25% 고효율·고수명 동시 확보 성공",IT
1746,[카드뉴스] 쓰레기봉투가 사라진다?,IT
1747,이통3사 주총 개막…AI 전환 속 '주주환원·거버넌스·보안' 쟁점 부상,IT
1748,"셀트리온, 송도내 신규 원료의약품 생산시설 증설…1.2조 투자",IT
1749,업스테이지 ‘솔라 프로 3’ 공개… 체급 3배 키우고 비용·속도는 그대로,IT
1750,"삼천당제약, 코스닥 시총 1위 등극…바이오 랠리 기대감 '꿈틀'[바이오 맥짚기]",IT
1751,AI 없인 미래도 없다…정관·이사회에 AI 넣는 기업들[주총 권력재편⑥],IT
1752,"비만 부르는 '엔도트로핀' 잡았다…UNIST, 천연물로 대사질환 개선 단서[과학을읽다]",IT
1753,‘AI 3강’ 길목에 선 한국…“AI 확산속도는 영국·싱가포르보다 더뎌”,IT
1754,포트폴리오 재편 나선 SKT…앤트로픽 '잭팟' 재현할까,IT
1755,"""11조원 시장에 글로벌 기업은 달리는데…'기술규제' 발목 잡힌 K-톡신""",IT
1756,"네이버, 전 서비스 ‘AI 에이전트’ 도입 선언",IT
1757,금값 7일 연속 하락…RIA계좌 첫날 8300개 개설,IT
1758,"""6G 조기 상용화 유력...포스트 스마트폰 'AI글래스' 경쟁""",IT
1759,뇌 속 ‘지방 대사’ 조절해 파킨슨병 완화…새 치료 전략 나왔다,IT
1760,"BTS 공연 관객 4만명?...""외국인 싹 빠졌다"" 통계의 맹점",IT
1761,통신 3사 주총 시즌 개막…키워드는 '지배구조·AI·보안',IT
1762,"VHL, 희귀하나 희귀하지 않은 병…月 2261만원 약값에 환자들 '한숨'",IT
1763,"연임되는 카카오게임즈 한상우 대표, 체질개선 시험대",IT
1764,냉동장치 없는 콤팩트형 양자컴…‘1만 큐비트’ 시대 연다,IT
1765,[비즈톡톡] AI 칩 다음은 ‘가상 공장’… 삼성·SK·현대차·LG가 꽂힌 엔비디아 옴니버스,IT
1766,"[뉴테크] 흙에서 태어나 물로 돌아간다, 英 ‘물 화장’ 첫 승인",IT
1767,AI 거물들 “메모리가 최대 병목...메모리 중심 구조로 AI 효율화”,IT
1768,"“쇼핑·SNS 어렵네”… 오픈AI, 앤트로픽 추격에 신사업 접고 기업용 AI ‘올인’",IT
1769,"""말 뒷다리가 3개네""...펄어비스, '붉은사막' AI 사용 미고지로 곤혹 [1일IT템]",IT
1770,"[PLAY IT] 벨킨 ‘커넥트 USB-C 11-in-1 프로 GaN 독 150W’ 써보니…""벽돌전원 잘가""",IT
1771,"“이번엔 진짜 간다”… 아르테미스 2호, 수차례 연기 끝에 ‘출격 준비’",IT
1772,‘양자 소부장’은 이미 상용화 물꼬…“산업 연결고리 절실”[코어파워 KOREA],IT
1773,양자팹 깔고 퀀텀칩 1위 노리는 韓… “2세대 양자컴으로 승부 본다”,IT
1774,"애플, 6월 8일 WWDC 개최…‘시리 챗봇’ 앞세워 AI 반격 나선다",IT
1775,헬륨·브롬 재고 비축했지만... 전쟁 때문에 K반도체 '조마조마',IT
1776,"""재주는 K팝이 부렸는데…"" 넷플릭스 독점의 씁쓸한 청구서",IT
1777,"암 유전자 정체 밝힌 노벨상 수상자, 세상 떠나",IT
1778,美 보란듯… 中화웨이 ‘엔비디아 H20’ 대체품 공개,IT
1779,"네이버 ""두나무 합병 계획대로…웹3 사업 확장""",IT
1780,“아빠는 1년 뒤에 운다”... 출산 1년 후 남성 산후 우울증 30% 급증,IT
1781,"""경영 잘하면 뭐해"" 뿔난 알테오젠 개미들",IT
1782,"[기자의 시각] ‘초격차’는 환상, 중국이 앞서간다",IT
1783,"CSOT, 삼성디스플레이 상대 특허소송 제기...OLED 특허 3건 침해 주장",IT
1784,"“되팔아도 100만원 번다” 5분만에 완판…한국서 못 사는 ‘삼성폰’, 어디서 파나 봤더니",IT
1785,10만 명 모여도 거뜬…AI로 통신 트래픽 ‘분산’,IT
1786,"KAIST, 중부권·3특에 글로벌 메가밸리 육성",IT
1787,"“이걸 먹는다고?” 산 채로 다리만 잘라 ‘내동댕이’…끔찍한 식문화, 지구에 민폐까지 [지구, 뭐래?]",IT
1788,"갤럭시 이젠 ‘왕따 폰’ 아니네…아이폰만 되던 ‘에어드롭’, 삼성폰도 가능해진다",IT
1789,"LG화학, 여수 NCC 2공장 생산 중단…중동 전쟁 여파",IT
1790,"[현장+]""역대급 실적에 주가 왜 이래""…네이버 주총서 나온 주주 우려",IT
1791,"갤럭시·아이폰 장벽 드디어 열린다…삼성, ‘에어드롭’ 호환 기능 도입",IT
1792,"JTBC “월드컵 중계권료 1억 2500만 달러, 지상파 부담액은 16.7%”",IT
1793,"""81억→2000억"" 25배 키웠다…우주청, 'K-우주 펀드' 승부수",IT
1794,"""인력이냐 사업이냐""…국내 AI 상장사, 극과 극 갈린 생존 전략",IT
1795,‘토큰’ IT 업계 화두…젠슨 황 “엔지니어에 기본급 일부 토큰으로 제공하는 방안 검토중”,IT
1796,공장 뇌부터 근육까지 우리기술로… 피지컬 AI 국산화 시동,IT
1797,"네이버 ""모든 서비스 AI에이전트 도입… 웹3 확장""",IT
1798,"""가상자산은 디지털 상품"" 규정한 美... 韓 ‘2단계법’으로 제도화 가속 붙나",IT
1799,"""공격 마케팅 통했다""… 코인원, 점유율 2.7% → 7.8% ‘약진’",IT
1800,[연봉공개]통신 3사 연봉킹은…34억 받은 유영상 SKT 전 대표,IT
1801,소행성에 위성 충돌시켜 지구 구하기…행성방어 독자 기술 실증 제안,IT
1802,"독성 가스 '황화수소', 치료 도구로 거듭나 外 [과학게시판]",IT
1803,"이통3사 '연봉킹' 정재헌 SKT CEO, 지난해 20.8억 수령",IT
1804,"LG이노텍 ""반도체 기판 생산능력 두 배 확대... 상반기 공장 부지 확정""",IT
1805,양자컴 쓰는데 1분에 100弗…실험실 갇힌 韓 [코어파워 KOREA],IT
1806,"우주항공청, 스케일업 투자 겨냥 2000억원 펀드 확대",IT
1807,25배 키운 우주펀드…'뉴스페이스 4호' 2000억 풀린다,IT
1808,손끝 대신 손톱으로 ‘톡’… 스마트폰 터치 돕는 네일 기술 등장,IT
1809,“연내 나스닥 상장으로 글로벌 도약…서울 R&D 센터에 양자컴 도입” [코어파워 KOREA],IT
1810,토종 피지컬AI 기술로 제조 경쟁력 확대...수출까지 넘본다,IT
1811,극저온 난제 풀었다…게임체인저 된 佛 양자컴 [코어파워 KOREA],IT
1812,"선익시스템, 168억원규모 CB 취득 후 전량 소각…오버행 선제 차단",IT
1813,9개월이면 양자컴 1대 제조…‘1만 큐비트’ 시대 연다[코어파워 KOREA],IT
1814,"몸값 44조 美유망 스타트업, '中모델' 사용 숨겼다가 들통",IT
1815,스마트시티에 국산 AI칩 심는다…NPU 실증 본격화,IT
1816,4만 vs 10만…BTS 광화문 공연 고무줄 관객 수 논란 왜?,IT
1817,[DD퇴근길] 막 오른 주총 시즌…기업별 관전 포인트는,IT
1818,'붉은사막' 서구권 평가 반등…초반 혹평 넘어 '대체로 긍정적',IT
1819,"대만 시놀로지 ""韓 매출 3년 내 2배 성장 목표""…한국 영업 '별동대' 신설",IT
1820,"'AI 3강' 길목에 선 韓 … 다시, 앞길을 밝히자",IT
1821,"'제2 딥마인드' 키우는 英 …""슈퍼컴 마음껏 써라"" 스타트업에 개방",IT
1822,"[앱마켓 수수료 인하]③ 697억 내는 카카오게임즈, 제한적 수혜",IT
1823,각국 앞다퉈 바이오시밀러 규제완화…셀트리온·삼성에피스 “파이프라인 확대해 적극 대응”,IT
1824,AI가 공장 로봇공 지휘…카이스트 '피지컬 AI 실증랩' 가보니,IT
1825,"""책상 위 슈퍼컴으로 AI 돌린다""…델, GB300 탑재 워크스테이션 공개",IT
1826,"백종원 대표, 지난해 더본코리아서 8억2200만원 수령",IT
1827,카카오페이 신원근 3연임…이사회 축소에 국민연금 반발,IT
1828,"""제어해줘"" 한마디면 알아서 대응…LG유플러스, BTS 공연서 AI로 기지국 과부하 제어",IT
1829,"'NAS계 애플' 시놀로지 “韓, 2029년까지 매출 2배 성장 자신”",IT
1830,[국방 AX 골든타임]〈상〉“AI가 표적 결정”…이란戰서 확인된 'AI 참모' 위력,IT
1831,"[사이언스카페] 모비 딕의 고래 박치기, 바다서 첫 포착",IT
1832,"로봇·센서 수십대 한번에 제어…韓, 세계 첫 'AI 무인공장' 첫발",IT
